,Rank,Artist,Album,Year,Lists,Votes,AVG,WAVG,Unnamed: 8,Tarbeaux,Unnamed: 10,ferday,Unnamed: 12,Snyde,Unnamed: 14,Banthas,Unnamed: 16,Akerblogger,Unnamed: 18,Carlos,Unnamed: 20,Absolomb,Unnamed: 22,Dr. Verinen,Unnamed: 24,JorKhid,Unnamed: 26,Afterthought,Unnamed: 28,meriyas,Unnamed: 30,Scourge,Unnamed: 32,dymanic,Unnamed: 34,Mr. Samsa,Unnamed: 36,Cherd,Unnamed: 38,Nunchuks,Unnamed: 40,Ca Vimes,Unnamed: 42,The Nerd,Unnamed: 44,cockman,Unnamed: 46,Planex,Unnamed: 48,Gadunka,Unnamed: 50,Dethjesta,Unnamed: 52
0,,,,,,,7.37,6.68,,402.0,,402.0,,228.0,,187.0,,171.0,,171.0,,155.0,,147.0,,141.0,,143.0,,128.0,,115.0,,112.0,,112.0,,97.0,,81.0,,77.0,,54.0,,54.0,,37.0,,26.0,,25.0,
1,,,,,,,,,,6.78,,6.92,,7.37,,7.51,,7.77,,8.07,,7.26,,6.8,,8.0,,7.38,,7.55,,8.23,,7.65,,8.14,,7.97,,7.36,,8.12,,8.32,,7.54,,9.11,,9.38,,10.0,
2,,,,,,,,,,,,,,,,,,,,,,,,,,,,,,,,,,,,,,,,,,,,,,,,,,,,,
3,1.0,Death,The Sound of Perseverance,1998.0,6.0,17.0,8.82,8.32,,8.0,,9.0,,8.0,,10.0,x,8.0,,9.0,,10.0,x,9.0,x,10.0,x,7.0,,8.0,,,,9.0,,8.0,,8.0,,,,10.0,x,10.0,x,,,9.0,,,,,
4,2.0,Metallica,Ride the Lightning,1984.0,3.0,21.0,8.69,8.26,,9.0,,9.0,,9.0,,9.0,,8.0,,9.5,,10.0,x,8.0,,9.5,,8.0,,8.0,,9.0,,9.0,,9.0,,10.0,x,,,7.5,,9.0,,7.0,,9.0,,6.0,,10.0,x
5,3.0,Gorguts,Colored Sands,2013.0,5.0,18.0,8.64,8.17,,9.0,,9.0,,9.0,,10.0,x,8.0,,10.0,x,8.0,,7.0,,8.5,,9.0,,8.0,,9.0,,10.0,x,6.0,,,,8.0,,10.0,x,10.0,x,7.0,,,,,,,
6,4.0,Death,Human,1991.0,3.0,15.0,8.63,8.07,,9.0,,8.0,,10.0,x,8.0,,7.0,,9.0,,8.0,,8.0,,9.5,,,,8.0,,,,10.0,x,9.0,,,,,,,,8.0,,8.0,,10.0,x,,,,
7,5.0,Pink Floyd,Wish You Were Here,1975.0,4.0,18.0,8.47,8.02,,6.0,,9.0,,9.0,,8.0,,9.0,,9.0,,10.0,x,7.0,,10.0,x,10.0,x,9.0,x,9.0,,9.0,,8.0,,,,7.5,,8.0,,7.0,,8.0,,,,,,,
8,6.0,Deathspell Omega,Paracletus,2010.0,6.0,17.0,8.47,8.02,,8.5,,8.0,,10.0,x,7.0,,9.0,,8.5,,7.0,,8.0,x,9.0,,9.0,x,10.0,x,8.0,,10.0,x,7.0,,,,8.0,,,,7.0,,,,10.0,x,,,,
9,7.0,Vektor,Terminal Redux,2016.0,7.0,20.0,8.38,7.99,,10.0,x,4.0,,9.0,,8.0,,8.5,,9.5,,9.0,,10.0,x,10.0,x,9.0,,10.0,x,6.0,,9.0,,9.0,,8.0,,8.0,x,9.0,x,5.5,,6.0,,10.0,x,,,,
10,8.0,Hail Spirit Noir,Mayhem in Blue,2016.0,6.0,17.0,8.44,7.99,,9.0,x,7.0,,10.0,x,7.0,,7.5,,9.0,,10.0,x,8.0,,7.0,,8.0,,8.0,,7.0,,9.0,,7.0,,,,10.0,x,10.0,x,10.0,x,,,,,,,,
11,9.0,Opeth,Blackwater Park,2001.0,6.0,17.0,8.41,7.97,,10.0,x,8.0,,8.0,,7.0,,8.0,,9.0,,8.0,,7.0,,10.0,x,9.0,x,8.0,,,,9.0,,8.0,,10.0,x,4.0,,10.0,x,10.0,x,,,,,,,,
12,10.0,Death,Symbolic,1995.0,3.0,16.0,8.47,7.96,,8.0,,9.0,,8.0,,8.0,,10.0,x,9.5,,9.0,,8.0,,10.0,x,6.0,,8.0,,,,9.0,,9.0,,7.0,,,,,,7.0,,,,10.0,x,,,,
13,11.0,Metallica,Master of Puppets,1986.0,3.0,18.0,8.28,7.84,,9.0,,9.0,,8.0,,8.0,,7.5,,10.0,x,9.0,,7.0,,9.5,,6.0,,7.0,,9.0,,9.0,,8.0,,8.0,,,,,,10.0,x,6.0,,9.0,x,,,,
14,12.0,Slayer,Reign in Blood,1986.0,6.0,20.0,8.2,7.83,,9.0,x,10.0,x,10.0,x,7.0,,8.0,,10.0,,5.0,,8.0,x,7.0,,6.0,,8.0,,9.0,,9.0,,8.0,,8.0,,7.0,,8.0,,9.0,,8.0,x,10.0,x,,,,
15,13.0,Megadeth,Rust in Peace,1990.0,5.0,17.0,8.21,7.78,,8.5,,8.0,,8.0,,8.0,,9.5,x,8.0,,7.0,,9.0,x,7.0,,7.0,,8.0,,,,10.0,x,8.0,,8.0,,,,,,6.5,,,,9.0,x,,,10.0,x
16,14.0,Pink Floyd,Dark Side of the Moon,1973.0,6.0,18.0,8.17,7.77,,6.0,,9.0,,8.0,,8.0,,8.0,,9.5,,6.0,,8.0,x,9.0,,8.0,,6.0,,9.0,x,10.0,x,7.0,,,,,,10.0,x,9.5,x,6.0,,,,,,10.0,x
17,15.0,Mastodon,Crack the Skye,2009.0,5.0,17.0,8.18,7.75,,10.0,x,7.0,,8.0,,8.0,,10.0,x,9.0,,7.0,,8.0,,6.0,,8.0,,9.0,x,9.0,,10.0,x,10.0,x,8.0,,,,,,6.0,,6.0,,,,,,,
18,16.0,Mgła,Exercises in Futility,2015.0,4.0,17.0,8.18,7.74,,8.0,,7.0,,8.0,,6.0,,7.0,,8.5,,10.0,x,8.0,x,9.5,,8.0,,8.0,,8.0,,8.0,,7.0,,,,8.0,,10.0,x,10.0,x,,,,,,,,
19,17.0,Coroner,No More Color,1989.0,2.0,16.0,8.22,7.74,,8.5,,8.0,,10.0,x,8.0,,8.5,,9.0,,8.0,,8.0,,7.5,,,,7.0,,,,8.0,,9.0,,,,7.0,,8.0,,7.0,,,,10.0,x,,,,
20,18.0,Nechochwen,Heart of Akamon,2015.0,3.0,15.0,8.13,7.65,,8.0,,7.0,,9.0,,8.0,,9.5,x,9.0,,,,7.0,,6.0,,8.0,,8.0,,8.0,,,,10.0,x,,,7.0,,8.0,,9.5,x,,,,,,,,
21,19.0,Carcass,Surgical Steel,2013.0,2.0,12.0,8.25,7.64,,9.0,x,8.0,,8.0,,8.0,,8.0,,9.0,,8.0,,,,7.0,,,,8.0,,,,8.0,,,,,,8.0,,,,10.0,x,,,,,,,,
22,20.0,Emperor,Anthems to the Welkin at Dusk,1997.0,2.0,15.0,8.13,7.64,,10.0,x,9.0,,9.0,,7.0,,7.0,,9.0,,7.0,,8.0,,8.0,,7.0,,9.0,,7.0,,,,,,,,,,8.0,,8.0,,9.0,x,,,,,,
23,21.0,Bolt Thrower,Those Once Loyal,2005.0,3.0,15.0,8.07,7.59,,9.0,x,8.0,,8.0,,7.0,,8.0,,9.0,,,,9.0,x,9.0,,,,8.0,,,,7.0,,7.0,,7.0,,8.0,x,8.0,,9.0,,,,,,,,,
24,22.0,Vhol,Deeper than Sky,2015.0,4.0,19.0,7.95,7.58,,9.0,x,6.0,,10.0,x,8.0,,8.0,,10.0,,6.0,,7.0,,7.0,,8.0,,7.0,,9.0,,7.0,,10.0,x,,,7.0,,8.0,,7.0,,8.0,,9.0,x,,,,
25,23.0,Massive Attack,Mezzanine,1998.0,4.0,13.0,8.08,7.56,,8.5,,7.0,,8.0,,8.0,,8.5,,8.0,,,,7.0,,10.0,x,9.0,x,,,,,8.0,,,,10.0,x,,,,,3.0,,,,,,,,10.0,x
26,24.0,Cattle Decapitation,Monolith of Inhumanity,2012.0,3.0,16.0,7.97,7.53,,8.0,,7.0,,7.0,,8.0,,10.0,x,9.0,,10.0,x,6.0,,8.0,,8.0,,9.0,,,,7.0,,7.0,,,,8.0,,,,6.5,,,,,,9.0,x,,
27,25.0,Agalloch,The Mantle,2002.0,4.0,17.0,7.91,7.51,,7.0,,8.0,,8.0,,7.0,,10.0,x,7.5,,8.0,,,,7.0,,8.0,,10.0,x,8.0,,,,8.0,,8.0,,5.0,,6.5,,9.5,x,,,9.0,x,,,,
28,26.0,Portishead,Dummy,1994.0,2.0,12.0,8.08,7.51,,9.0,x,9.0,,8.0,,8.0,,6.0,,7.5,,,,7.5,,9.0,,7.0,,,,8.0,,8.0,,,,10.0,x,,,,,,,,,,,,,,
29,26.0,Immortal,At the Heart of Winter,1999.0,2.0,12.0,8.08,7.51,,7.0,,8.0,,7.0,,,,8.0,,9.0,,,,7.0,,7.0,,8.0,,9.0,x,10.0,x,,,,,,,,,8.5,,8.5,,,,,,,,,
30,28.0,Deathspell Omega,"Fas - Ite, Maledicti, in Ignem Aeternum",2007.0,1.0,15.0,7.93,7.46,,8.5,,8.0,,8.0,,7.0,,7.0,,,,,,9.0,x,9.0,,8.0,,7.0,,8.0,,9.0,,,,,,7.0,,8.0,,7.5,,,,8.0,,,,,
31,28.0,Led Zeppelin,IV,1971.0,1.0,15.0,7.93,7.46,,7.5,,8.0,,8.0,,7.0,,7.0,,6.5,,10.0,x,,,8.0,,8.0,,8.0,,9.0,,9.0,,8.0,,8.0,,,,,,7.0,,,,,,,,,
32,30.0,Necrophagist,Epitaph,2004.0,3.0,12.0,8.0,7.45,,8.0,,7.0,,10.0,x,8.0,,7.5,,8.0,,7.0,,6.0,,9.5,x,,,8.0,,,,7.0,,10.0,x,,,,,,,,,,,,,,,,
33,31.0,Vektor,Outer Isolation,2011.0,2.0,15.0,7.9,7.44,,8.0,,5.0,,10.0,x,7.0,,8.0,,9.5,,7.0,,8.0,x,9.0,,6.0,,8.0,,,,8.0,,9.0,,,,7.0,,,,,,,,9.0,,,,,
34,32.0,Godspeed You! Black Emperor,F#A#∞,1997.0,2.0,7.0,8.36,7.44,,7.5,,9.0,,9.0,,10.0,x,,,,,,,,,8.0,,,,,,,,5.0,,10.0,x,,,,,,,,,,,,,,,,
35,33.0,The Ocean,Pelagial,2013.0,4.0,15.0,7.87,7.44,,7.5,,7.0,,8.0,,7.0,,7.0,,6.5,,10.0,x,9.0,x,7.0,,9.0,,9.0,x,,,6.0,,8.0,,,,,,7.0,,10.0,x,,,,,,,,
36,34.0,Panopticon,Autumn Eternal,2015.0,2.0,7.0,8.34,7.43,,7.0,,7.0,,9.0,,,,9.5,x,8.9,,,,,,,,,,8.0,,,,,,,,9.0,x,,,,,,,,,,,,,,
37,35.0,Entombed,Clandestine,1991.0,2.0,9.0,8.11,7.39,,7.0,,7.0,,8.0,,,,7.0,,9.0,,,,,,8.0,,,,7.0,,,,10.0,x,,,,,,,,,,,,,,,,,10.0,x
38,36.0,Coroner,Punishment for Decadence,1987.0,1.0,13.0,7.92,7.39,,9.0,x,7.0,,9.0,,8.0,,8.0,,8.0,,8.0,,8.0,,9.0,,6.0,,,,,,,,8.0,,,,7.0,,8.0,,,,,,,,,,,
39,37.0,Dead Can Dance,Within the Realm of a Dying Sun,1987.0,2.0,7.0,8.29,7.39,,9.0,x,8.0,,7.0,,,,6.0,,10.0,,,,,,,,9.0,x,,,9.0,,,,,,,,,,,,,,,,,,,,,
40,38.0,Coroner,Mental Vortex,1991.0,1.0,12.0,7.96,7.39,,8.0,,7.0,,9.0,x,7.0,,8.5,,9.0,,9.0,,6.0,,8.0,,,,,,,,,,8.0,,,,,,8.0,,,,,,8.0,,,,,
41,39.0,Carcass,Heartwork,1993.0,1.0,9.0,8.11,7.36,,8.0,,7.0,,8.0,,,,9.0,,10.0,x,8.0,,,,9.0,,,,,,,,7.0,,,,,,7.0,,,,,,,,,,,,,
42,39.0,Tom Waits,Rain Dogs,1985.0,1.0,9.0,8.11,7.36,,7.5,,9.0,,6.0,,,,,,9.5,,,,,,,,,,7.0,,,,9.0,x,9.0,,8.0,,8.0,,,,,,,,,,,,,
43,41.0,Wilderun,Sleep at the Edge of the Earth,2015.0,4.0,17.0,7.74,7.36,,7.0,,9.0,,6.0,,5.0,,5.0,,8.0,,9.0,,8.0,,,,9.0,x,9.0,,,,8.0,,8.0,,5.0,,6.0,,10.0,x,9.5,x,,,,,,,10.0,x
44,42.0,Entombed,Left Hand Path,1990.0,1.0,13.0,7.88,7.36,,8.0,,9.0,,8.0,,,,8.0,,8.5,,,,8.0,,8.0,,6.0,,8.0,,,,9.0,,,,7.0,,,,9.0,x,6.0,,,,,,,,,
45,43.0,Triptykon,Melana Chasmata,2014.0,2.0,17.0,7.74,7.34,,8.0,,9.0,,10.0,x,10.0,x,8.5,,10.0,,5.0,,6.0,,6.0,,6.0,,7.0,,8.0,,8.0,,8.0,,,,7.0,,7.0,,8.0,,,,,,,,,
46,44.0,Strapping Young Lad,City,1997.0,3.0,14.0,7.79,7.33,,8.0,,7.0,,9.0,x,8.0,,8.5,,6.5,,,,7.0,,9.0,,8.0,,7.0,,,,6.0,,,,,,8.0,x,7.0,,,,,,10.0,x,,,,
47,45.0,Emperor,In the Nightside Eclipse,1994.0,2.0,15.0,7.77,7.33,,7.0,,9.0,,6.0,,6.0,,8.0,,9.0,,7.0,,8.0,,8.0,,7.0,,9.0,x,10.0,x,,,,,,,,,7.0,,8.5,,7.0,,,,,,,
48,46.0,Cattle Decapitation,The Anthropocene Extinction,2015.0,3.0,15.0,7.75,7.33,,8.0,,7.0,,5.0,,7.0,,8.0,,8.8,,8.0,,,,8.5,,9.0,,10.0,x,,,6.0,,,,,,8.0,x,8.0,,5.0,,,,,,10.0,x,,
49,47.0,Metallica,...And Justice for All,1988.0,1.0,14.0,7.79,7.31,,9.0,,10.0,x,8.0,,9.0,,7.0,,7.0,,7.0,,7.0,,7.0,,,,,,7.0,,9.0,,8.0,,7.0,,,,,,,,7.0,,,,,,,
50,48.0,Opeth,Still Life,1999.0,1.0,13.0,7.81,7.3,,8.0,,7.0,,6.0,,8.0,,9.0,,7.0,,10.0,x,,,8.5,,7.0,,8.0,,8.0,,7.0,,,,8.0,,,,,,,,,,,,,,,
51,49.0,Rainbow,Rising,1976.0,1.0,10.0,7.95,7.29,,9.0,x,8.0,,8.0,,8.0,,,,8.0,,,,6.0,,,,,,,,8.0,,,,8.0,,,,,,8.5,,,,8.0,,,,,,,
52,50.0,Gojira,From Mars to Sirius,2005.0,1.0,11.0,7.86,7.27,,8.5,,7.0,,8.0,,7.0,,7.0,,8.0,,8.0,,,,8.5,,8.0,,7.0,,,,,,,,,,,,,,9.5,x,,,,,,,,
53,51.0,Iron Maiden,Powerslave,1984.0,1.0,15.0,7.7,7.26,,9.0,x,7.0,,7.0,,7.0,,6.0,,9.0,,7.0,,7.0,,8.5,,,,,,9.0,,8.0,,8.0,,8.0,,7.0,,,,8.0,,,,,,,,,
54,52.0,Judas Priest,Painkiller,1990.0,1.0,10.0,7.9,7.26,,9.0,,8.0,,8.0,,10.0,x,,,7.0,,6.0,,7.0,,,,,,,,8.0,,,,8.0,,8.0,,,,,,,,,,,,,,,
55,53.0,Agalloch,Ashes Against the Grain,2006.0,3.0,17.0,7.62,7.25,,7.0,,8.0,,10.0,x,8.0,,7.5,,7.0,,,,7.0,,8.0,,7.0,,9.0,,7.0,,7.0,,8.0,,9.0,x,5.0,,6.0,,9.0,x,,,,,,,,
56,54.0,Artillery,By Inheritance,1990.0,2.0,8.0,8.0,7.25,,10.0,x,7.0,,10.0,x,7.0,,,,,,,,7.0,,,,,,,,,,7.0,,8.0,,,,8.0,,,,,,,,,,,,,
57,55.0,Miles Davis,Bitches Brew,1970.0,1.0,7.0,8.14,7.24,,7.5,,9.0,,7.0,,8.0,,,,9.5,,7.0,,,,,,,,,,9.0,x,,,,,,,,,,,,,,,,,,,,
58,56.0,Immolation,Close to a World Below,2000.0,1.0,9.0,7.94,7.24,,8.0,,8.0,,9.0,,8.0,,9.5,x,8.0,,7.0,,,,7.0,,,,7.0,,,,,,,,,,,,,,,,,,,,,,,
59,56.0,Havukruunu,Havulinnaan,2015.0,1.0,9.0,7.94,7.24,,8.0,,7.0,,7.0,,,,8.0,,9.5,,7.0,,,,10.0,x,,,7.0,,8.0,,,,,,,,,,,,,,,,,,,,,
60,58.0,Opeth,Ghost Reveries,2005.0,4.0,14.0,7.64,7.23,,8.0,,7.0,,7.0,,7.0,,6.0,,10.0,x,6.0,,,,10.0,x,6.0,,9.0,x,,,10.0,x,,,6.0,,,,7.0,,8.0,,,,,,,,,
61,59.0,Ihsahn,After,2010.0,1.0,14.0,7.68,7.22,,8.5,,7.0,,9.0,x,7.0,,9.0,,9.0,,7.0,,8.0,,7.0,,8.0,,8.0,,,,7.0,,,,,,7.0,,,,6.0,,,,,,,,,
62,60.0,Kreator,Coma of Souls,1990.0,1.0,8.0,8.0,7.22,,8.0,,7.0,,10.0,x,8.0,,,,9.0,,8.0,,7.0,,,,,,,,,,,,,,,,7.0,,,,,,,,,,,,,
63,60.0,DJ Shadow,Endtroducing...,1996.0,1.0,8.0,8.0,7.22,,8.5,,9.0,,7.0,,,,,,6.5,,,,,,7.0,,,,,,,,8.0,,10.0,x,8.0,,,,,,,,,,,,,,,
64,62.0,White Ward,Futility Report,2017.0,2.0,15.0,7.62,7.21,,7.0,,6.0,,8.0,,7.0,,7.0,,8.8,,10.0,x,8.0,,9.5,,7.0,,7.0,,7.0,,7.0,,,,,,8.0,x,7.0,,,,,,,,,,,
65,63.0,Demilich,Nespithe,1993.0,1.0,11.0,7.77,7.2,,7.5,,8.0,,5.0,,,,10.0,x,7.0,,,,,,7.5,,,,8.0,,9.0,,8.0,,8.0,,,,7.5,,,,,,,,,,,,,
66,64.0,Porcupine Tree,In Absentia,2002.0,1.0,9.0,7.89,7.2,,8.0,,6.0,,7.0,,7.0,,10.0,x,9.0,,,,8.0,,9.0,,7.0,,,,,,,,,,,,,,,,,,,,,,,,,
67,64.0,Enslaved,Isa,2004.0,1.0,9.0,7.89,7.2,,9.0,x,8.0,,,,,,8.0,,8.0,,,,8.0,,6.5,,,,8.0,,,,,,,,,,,,7.5,,8.0,,,,,,,,,
68,66.0,Bolt Thrower,… For Victory,1994.0,1.0,7.0,8.07,7.19,,8.0,,8.0,,8.0,,,,8.0,,,,,,8.0,,9.5,x,,,7.0,,,,,,,,,,,,,,,,,,,,,,,
69,67.0,Radiohead,OK Computer,1997.0,2.0,15.0,7.6,7.19,,4.0,,10.0,x,7.0,,8.0,,7.0,,7.0,,7.0,,7.0,,8.0,,9.0,,6.0,,7.0,,9.0,,8.0,,10.0,x,,,,,,,,,,,,,,
70,68.0,Mastodon,Leviathan,2004.0,2.0,13.0,7.65,7.19,,10.0,x,7.0,,7.0,,8.0,,8.0,,8.0,,6.0,,6.0,,7.0,,,,7.0,,,,,,10.0,x,8.0,,,,,,7.5,,,,,,,,,
71,68.0,Batushka,Litourgiya,2015.0,2.0,13.0,7.65,7.19,,7.0,,7.0,,7.0,,,,7.0,,9.0,,10.0,x,8.0,,9.5,x,6.0,,,,8.0,,7.0,,7.0,,,,7.0,,,,,,,,,,,,,
72,70.0,Cryptopsy,None So Vile,1996.0,1.0,10.0,7.8,7.18,,8.0,,8.0,,7.0,,,,10.0,x,7.0,,6.0,,,,7.5,,,,7.0,,,,,,,,,,,,8.5,,,,,,9.0,,,,,
73,71.0,Tool,Lateralus,2001.0,2.0,12.0,7.67,7.17,,8.0,,9.0,,7.0,,7.0,,6.5,,5.5,,7.0,,,,10.0,x,9.0,x,7.0,,8.0,,,,8.0,,,,,,,,,,,,,,,,,
74,72.0,Miles Davis,Sketches of Spain,1960.0,1.0,6.0,8.17,7.17,,7.0,,7.0,,7.0,,8.0,,,,10.0,,,,,,,,,,,,10.0,x,,,,,,,,,,,,,,,,,,,,
75,72.0,Hammers of Misfortune,Dead Revolution,2016.0,1.0,6.0,8.17,7.17,,9.0,,6.0,,9.0,,,,,,,,,,,,,,8.0,,7.0,,,,,,10.0,x,,,,,,,,,,,,,,,,
76,72.0,Voivod,Killing Technology,1987.0,1.0,6.0,8.17,7.17,,8.0,,8.0,,8.0,,,,,,,,,,8.0,x,,,,,,,,,,,,,,,,,8.0,,,,,,9.0,,,,,
77,75.0,Spawn of Possession,Incurso,2012.0,1.0,10.0,7.78,7.16,,8.0,,8.0,,9.0,,,,,,6.8,,10.0,x,7.0,,8.0,,6.0,,8.0,,,,7.0,,,,,,,,,,,,,,,,,,,
78,76.0,Cynic,Focus,1993.0,2.0,10.0,7.75,7.16,,7.0,,7.0,,7.0,,7.0,,,,,,7.0,,9.0,x,8.0,,,,,,,,,,8.0,,,,,,7.5,,,,,,10.0,x,,,,
79,77.0,Khonsu,The Xun Protectorate,2016.0,1.0,9.0,7.83,7.15,,8.0,,6.0,,9.0,,,,7.0,,8.5,,,,9.0,x,,,,,,,8.0,,,,8.0,,,,7.0,,,,,,,,,,,,,
80,78.0,Celtic Frost,Monotheist,2006.0,2.0,11.0,7.68,7.15,,8.0,,10.0,x,7.0,,7.0,,9.0,,7.0,,6.0,,,,,,8.0,,6.0,,,,7.0,,,,,,,,,,9.5,x,,,,,,,,
81,79.0,David Bowie,★,2016.0,1.0,13.0,7.62,7.14,,7.0,,8.0,,8.0,,7.0,,9.0,,10.0,x,6.0,,7.0,,6.0,,7.0,,,,,,9.0,,,,8.0,,,,,,,,7.0,,,,,,,
82,80.0,Faith No More,The Real Thing,1989.0,1.0,11.0,7.68,7.13,,8.0,,10.0,x,7.0,,7.0,,6.0,,8.0,,,,7.0,,9.5,,7.0,,,,7.0,,8.0,,,,,,,,,,,,,,,,,,,
83,81.0,Mercyful Fate,Don't Break the Oath,1984.0,1.0,8.0,7.88,7.12,,7.0,,8.0,,7.0,,7.0,,7.0,,9.0,,,,,,9.0,x,,,,,9.0,,,,,,,,,,,,,,,,,,,,,
84,81.0,Archspire,Relentless Mutation,2017.0,1.0,8.0,7.88,7.12,,7.0,,7.0,,7.0,,7.0,,,,,,,,,,,,8.0,,9.0,,,,,,,,9.0,,,,,,,,,,9.0,x,,,,
85,83.0,Depeche Mode,Violator,1990.0,1.0,9.0,7.78,7.11,,9.0,x,9.0,,5.0,,8.0,,,,9.0,,,,5.0,,,,,,8.0,,9.0,,,,,,8.0,,,,,,,,,,,,,,,
86,83.0,Black Sabbath,Sabbath Bloody Sabbath,1973.0,1.0,9.0,7.78,7.11,,7.0,,7.0,,8.0,,8.0,,,,10.0,,10.0,x,,,,,6.0,,,,7.0,,7.0,,,,,,,,,,,,,,,,,,,
87,85.0,Ketha,#!%16.7,2015.0,1.0,6.0,8.08,7.11,,8.0,,7.0,,9.0,,,,7.0,,8.5,,,,,,,,,,,,,,9.0,x,,,,,,,,,,,,,,,,,,
88,86.0,Devin Townsend,Ocean Machine: Biomech,1997.0,4.0,14.0,7.5,7.11,,6.0,,4.0,,7.0,,7.0,,10.0,x,8.0,,,,5.0,,8.0,,6.0,,,,,,5.0,,,,,,,,9.0,,,,,,10.0,x,10.0,x,10.0,x
89,87.0,Alice in Chains,Dirt,1992.0,3.0,13.0,7.54,7.1,,8.0,,9.0,,8.0,,8.0,,8.0,,2.0,,,,,,9.0,,9.0,x,5.0,,8.0,,5.0,,,,,,,,,,9.0,x,,,,,,,10.0,x
90,88.0,Nick Drake,Pink Moon,1972.0,1.0,10.0,7.7,7.1,,6.0,,7.0,,5.0,,8.0,,9.0,,10.0,,,,,,8.0,,,,,,,,7.0,,10.0,x,7.0,,,,,,,,,,,,,,,
91,89.0,Motorhead,Overkill,1979.0,2.0,6.0,8.0,7.1,,8.0,,7.0,,7.0,,10.0,x,,,10.0,x,6.0,,,,,,,,,,,,,,,,,,,,,,,,,,,,,,,
92,89.0,Yob,Clearing the Path to Ascend,2014.0,2.0,6.0,8.0,7.1,,7.0,,7.0,,7.0,,10.0,x,,,,,7.0,,,,,,,,,,,,,,,,10.0,x,,,,,,,,,,,,,,
93,91.0,Spectral Lore ,III,2014.0,1.0,7.0,7.93,7.09,,6.5,,6.0,,9.0,,,,9.0,,,,,,7.0,,,,,,,,9.0,,,,,,,,,,9.0,x,,,,,,,,,,
94,92.0,Aesop Rock,Labor Days,2001.0,2.0,10.0,7.65,7.08,,7.5,,10.0,x,7.0,,,,7.0,,4.0,,8.0,,8.0,x,,,,,,,9.0,,8.0,,8.0,,,,,,,,,,,,,,,,,
95,92.0,Swallow the Sun,The Morning Never Came,2003.0,2.0,10.0,7.65,7.08,,7.0,,8.0,,5.0,,,,7.5,,8.0,,10.0,x,,,8.0,,4.0,,9.0,,,,,,,,10.0,x,,,,,,,,,,,,,,
96,94.0,Earth,The Bees Made Honey in the Lion's Skull,2008.0,1.0,8.0,7.81,7.08,,6.0,,7.0,,,,8.0,,9.5,x,9.0,,,,,,,,,,,,8.0,,,,7.0,,8.0,,,,,,,,,,,,,,,
97,95.0,Edge of Sanity,Crimson,1996.0,2.0,11.0,7.59,7.07,,9.0,,6.0,,7.0,,,,7.0,,6.0,,7.0,,6.0,,8.0,,,,,,,,,,8.0,,,,,,10.0,x,9.5,x,,,,,,,,
98,96.0,Pig Destroyer,Prowler in the Yard,2001.0,1.0,5.0,8.2,7.07,,7.5,,8.0,,,,,,10.0,x,8.5,,,,,,,,,,7.0,,,,,,,,,,,,,,,,,,,,,,,
99,97.0,Stevie Wonder,Innervisions,1973.0,1.0,4.0,8.45,7.07,,8.0,,8.0,,,,,,,,8.8,,,,,,,,,,,,9.0,x,,,,,,,,,,,,,,,,,,,,
100,98.0,Iron Maiden,The Number of the Beast,1982.0,1.0,9.0,7.72,7.07,,8.0,,9.0,,8.0,,6.0,,,,,,6.0,,7.0,,8.5,,,,,,8.0,,,,,,,,,,9.0,x,,,,,,,,,,
101,98.0,Beyond Creation,Earthborn Evolution,2014.0,1.0,9.0,7.72,7.07,,7.5,,7.0,,8.0,,,,,,8.0,,10.0,x,,,8.0,,5.0,,8.0,,,,8.0,,,,,,,,,,,,,,,,,,,
102,98.0,Yes,Close to the Edge,1972.0,1.0,9.0,7.72,7.07,,6.0,,7.0,,8.0,,,,9.0,,6.5,,8.0,,,,8.0,,9.0,x,8.0,,,,,,,,,,,,,,,,,,,,,,,
103,101.0,Nirvana,Nevermind,1991.0,1.0,15.0,7.47,7.07,,8.0,,10.0,x,6.0,,7.0,,7.0,,5.0,,6.0,,5.0,,9.0,,8.0,,,,9.0,,7.0,,9.0,,9.0,,,,7.0,,,,,,,,,,,
104,102.0,Oranssi Pazuzu,Värähtelijä,2016.0,2.0,8.0,7.75,7.06,,7.0,,7.0,,9.0,,9.0,x,8.0,,,,6.0,,8.0,x,,,,,,,,,,,,,,,,,8.0,,,,,,,,,,,
105,103.0,Pink Floyd,The Wall,1979.0,1.0,10.0,7.65,7.06,,8.0,,8.0,,7.0,,7.0,,8.0,,8.5,,6.0,,,,10.0,x,7.0,,,,7.0,,,,,,,,,,,,,,,,,,,,,
106,104.0,Enslaved,Ruun,2006.0,1.0,6.0,8.0,7.05,,8.0,,7.0,,,,,,8.0,,,,,,9.0,x,,,,,8.0,,,,,,,,,,,,8.0,,,,,,,,,,,
107,105.0,Tribulation,The Formulas of Death,2013.0,1.0,7.0,7.86,7.04,,8.0,,7.0,,9.0,x,,,,,9.0,,,,8.0,,,,,,,,,,,,6.0,,,,8.0,,,,,,,,,,,,,
108,105.0,The Mars Volta,Frances the Mute,2005.0,1.0,7.0,7.86,7.04,,6.0,,6.0,,7.0,,9.0,,,,,,8.0,,,,,,9.0,,,,,,,,10.0,x,,,,,,,,,,,,,,,,
109,107.0,Incantation,Onward to Golgotha,1992.0,2.0,12.0,7.5,7.03,,6.0,,10.0,x,5.0,,,,7.0,,8.0,,,,7.0,,6.0,,,,8.0,,9.0,,8.0,,,,,,,,9.0,x,,,7.0,,,,,,,
110,108.0,Portishead,Third,2008.0,1.0,9.0,7.67,7.03,,6.0,,10.0,x,7.0,,8.0,,,,8.0,,,,7.0,,8.0,,,,,,,,7.0,,,,8.0,,,,,,,,,,,,,,,
111,108.0,Mgła,With Hearts Towards None,2012.0,1.0,9.0,7.67,7.03,,7.0,,7.0,,6.0,,7.0,,,,,,8.0,,,,9.0,,,,8.0,,,,,,8.0,,,,9.0,x,,,,,,,,,,,,
112,110.0,Van Halen,1984,1984.0,1.0,4.0,8.38,7.02,,7.5,,8.0,,,,,,,,10.0,x,,,,,,,,,,,8.0,,,,,,,,,,,,,,,,,,,,,
113,111.0,At the Gates,Slaughter of the Soul,1995.0,1.0,10.0,7.6,7.02,,8.0,,7.0,,9.0,,7.0,,6.0,,6.0,,,,,,10.0,x,,,,,,,8.0,,,,8.0,,,,7.0,,,,,,,,,,,
114,112.0,Blood Incantation,Starspawn,2016.0,1.0,12.0,7.5,7.02,,6.0,,7.0,,7.0,,7.0,,8.5,,8.5,,7.0,,8.0,x,8.0,,,,7.0,,9.0,,7.0,,,,,,,,,,,,,,,,,,,
115,113.0,Porcupine Tree,Fear of a Blank Planet,2007.0,2.0,8.0,7.69,7.02,,7.0,,6.0,,,,7.0,,7.5,,,,,,9.0,x,10.0,x,7.0,,,,,,,,,,,,,,8.0,,,,,,,,,,,
116,114.0,Meshuggah,obZen,2008.0,3.0,13.0,7.42,7.01,,7.0,,8.0,,8.0,,7.0,,6.5,,6.0,,7.0,,7.0,,9.5,x,,,,,,,9.0,x,7.0,,,,,,,,5.5,,,,9.0,x,,,,
117,115.0,The Cars,The Cars,1978.0,1.0,6.0,7.92,7.0,,8.0,,6.0,,,,,,,,8.5,,,,,,8.0,,,,,,10.0,x,,,7.0,,,,,,,,,,,,,,,,,
118,116.0,Slugdge,Esoteric Malacology,2018.0,2.0,14.0,7.39,6.99,,8.0,,7.0,,7.0,,7.0,,6.0,,7.5,,7.0,,8.0,x,,,8.0,,9.0,x,,,,,8.0,,8.0,,6.0,,7.0,,,,,,,,,,,
119,117.0,Nocturnus,The Key,1990.0,1.0,10.0,7.55,6.98,,8.0,,7.0,,9.0,,,,7.5,,7.0,,,,8.0,x,,,,,7.0,,,,6.0,,8.0,,,,,,,,,,8.0,,,,,,,
120,118.0,Tom Waits,Bone Machine,1992.0,2.0,6.0,7.83,6.98,,7.0,,7.0,,5.0,,,,,,10.0,x,,,,,,,,,,,,,9.0,,,,9.0,x,,,,,,,,,,,,,,
121,119.0,Chelsea Wolfe,Abyss,2015.0,1.0,11.0,7.5,6.98,,8.0,,10.0,x,7.0,,,,6.0,,8.5,,,,6.0,,,,7.0,,,,9.0,,6.0,,,,,,7.0,,8.0,,,,,,,,,,,
122,119.0,Queens of the Stone Age,Songs for the Deaf,2002.0,1.0,11.0,7.5,6.98,,8.0,,7.0,,6.0,,8.0,,7.5,,7.0,,6.0,,,,9.0,,,,,,,,9.0,x,8.0,,,,,,7.0,,,,,,,,,,,
123,121.0,Gojira,L'Enfant Sauvage,2012.0,1.0,12.0,7.46,6.98,,7.0,,7.0,,7.0,,7.0,,8.5,,8.5,,8.0,,,,9.5,x,8.0,,7.0,,,,6.0,,,,6.0,,,,,,,,,,,,,,,
124,122.0,The Mars Volta,De-Loused in the Comatorium,2003.0,2.0,13.0,7.38,6.96,,6.0,,6.0,,7.0,,7.0,,8.0,,6.0,,8.0,,,,6.0,,9.0,x,7.0,,,,9.0,,8.0,,,,,,,,,,,,,,9.0,x,,
125,123.0,Waylon Jennings,Honky Tonk Heroes,1973.0,1.0,4.0,8.25,6.95,,7.0,,8.0,,,,,,,,,,,,,,,,,,,,10.0,x,,,,,8.0,,,,,,,,,,,,,,,
126,124.0,Slayer,Seasons in the Abyss,1990.0,1.0,10.0,7.5,6.94,,9.0,,9.0,,7.0,,7.0,,7.0,,9.0,,5.0,,,,5.0,,,,,,8.0,,9.0,x,,,,,,,,,,,,,,,,,,
127,125.0,Alice in Chains,Jar of Flies,1994.0,1.0,9.0,7.56,6.94,,6.0,,9.0,,,,6.0,,9.0,,4.0,,,,,,10.0,x,9.0,,,,7.0,,,,,,8.0,,,,,,,,,,,,,,,
128,125.0,Amorphis,Tales from the Thousand Lakes,1994.0,1.0,9.0,7.56,6.94,,7.0,,8.0,,7.0,,,,7.0,,8.0,,6.0,,,,7.0,,,,,,,,,,,,,,,,8.0,,10.0,x,,,,,,,,
129,127.0,AC/DC,Highway to Hell,1979.0,1.0,5.0,8.0,6.94,,7.0,,8.0,,,,,,,,10.0,x,6.0,,,,,,,,,,9.0,,,,,,,,,,,,,,,,,,,,,
130,127.0,Rammstein,Mutter,2001.0,1.0,5.0,8.0,6.94,,8.0,,8.0,,8.0,,,,,,,,6.0,,10.0,x,,,,,,,,,,,,,,,,,,,,,,,,,,,,
131,127.0,Rush,Moving Pictures,1981.0,1.0,5.0,8.0,6.94,,8.0,,7.0,,,,8.0,,,,,,,,,,,,8.0,,,,,,,,,,,,,,,,,,,,9.0,x,,,,
132,130.0,Dead Kennedys,Fresh Fruit for Rotten Vegetables,1980.0,1.0,6.0,7.83,6.94,,8.0,,8.0,,,,,,,,10.0,x,7.0,,,,,,,,7.0,,7.0,,,,,,,,,,,,,,,,,,,,,
133,130.0,David Bowie,Scary Monsters (And Super Creeps),1980.0,1.0,6.0,7.83,6.94,,7.0,,8.0,,,,7.0,,,,,,,,,,,,,,,,,,9.0,,,,7.0,,,,,,,,9.0,x,,,,,,
134,130.0,Faith No More,Angel Dust,1992.0,1.0,6.0,7.83,6.94,,8.0,,7.0,,5.0,,8.0,,,,9.0,,,,,,10.0,x,,,,,,,,,,,,,,,,,,,,,,,,,,
135,130.0,Soundgarden,Superunknown,1994.0,1.0,6.0,7.83,6.94,,8.0,,9.0,,7.0,,7.0,,,,,,,,,,,,7.0,,,,,,,,,,9.0,x,,,,,,,,,,,,,,
136,130.0,The Dillinger Escape Plan,Calculating Infinity,1999.0,1.0,6.0,7.83,6.94,,6.0,,9.0,,,,7.0,,,,,,7.0,,,,,,,,8.0,,,,,,10.0,x,,,,,,,,,,,,,,,,
137,130.0,Kreator,Pleasure to Kill,1986.0,1.0,6.0,7.83,6.94,,8.0,,8.0,,9.0,,10.0,x,,,,,,,,,,,4.0,,,,8.0,,,,,,,,,,,,,,,,,,,,,
138,130.0,The Cure,Faith,1981.0,1.0,6.0,7.83,6.94,,6.0,,8.0,,,,,,,,9.0,,10.0,x,,,,,7.0,,,,7.0,,,,,,,,,,,,,,,,,,,,,
139,130.0,Gorod,A Perfect Absolution,2012.0,1.0,6.0,7.83,6.94,,8.0,,7.0,,8.0,,,,7.0,,8.0,,,,,,,,,,,,,,9.0,x,,,,,,,,,,,,,,,,,,
140,130.0,Refused,The Shape of Punk to Come,1998.0,1.0,6.0,7.83,6.94,,8.0,,7.0,,,,,,7.0,,7.5,,,,,,7.5,,,,,,,,,,10.0,x,,,,,,,,,,,,,,,,
141,130.0,King Crimson,In the Court of the Crimson King,1969.0,1.0,6.0,7.83,6.94,,8.0,,5.0,,9.0,,10.0,x,,,,,,,,,,,8.0,,,,,,,,,,,,,,,,,,7.0,,,,,,,
142,130.0,Testament,The New Order,1988.0,1.0,6.0,7.83,6.94,,9.0,,5.0,,8.0,,8.0,,,,,,,,,,,,,,,,,,,,,,9.0,x,,,,,,,,,8.0,,,,,
143,141.0,Black Sabbath,Vol. 4,1972.0,2.0,9.0,7.5,6.92,,6.5,,7.0,,7.0,,7.0,,,,10.0,x,7.0,,,,,,7.0,,,,,,6.0,,,,,,,,,,10.0,x,,,,,,,,
144,142.0,maudlin of the Well,My Fruit Psychobells... A Seed Combustible,1999.0,2.0,7.0,7.64,6.92,,6.0,,7.0,,10.0,x,,,,,7.5,,,,6.0,,,,10.0,x,,,,,,,,,,,,,7.0,,,,,,,,,,,
145,143.0,Alcest,Les voyages de l'âme,2012.0,1.0,11.0,7.41,6.91,,8.0,,6.0,,9.0,x,,,,,7.5,,8.0,,7.0,,,,,,7.0,,8.0,,,,8.0,,,,6.0,,7.0,,,,,,,,,,,
146,144.0,Edge of Sanity,Purgatory Afterglow,1994.0,1.0,9.0,7.5,6.9,,8.0,,7.0,,7.0,,,,8.0,,,,8.0,,5.5,,,,,,,,,,,,8.0,,,,8.0,x,8.0,,,,,,,,,,,
147,144.0,Artificial Brain,Labyrinth Constellation,2014.0,1.0,9.0,7.5,6.9,,7.0,,7.0,,8.0,,,,8.0,,9.5,,7.0,,,,,,,,,,6.0,,9.0,x,,,,,6.0,,,,,,,,,,,,,
148,146.0,Agalloch,Pale Folkore,1999.0,2.0,12.0,7.33,6.9,,7.0,,7.0,,8.0,,7.0,,8.0,,,,,,7.0,,8.0,,,,9.0,x,7.0,,,,,,6.0,,5.0,,9.0,x,,,,,,,,,,
149,147.0,Enslaved,Below the Lights,2003.0,1.0,8.0,7.56,6.89,,7.0,,6.0,,,,,,10.0,x,9.0,,,,7.0,,7.0,,,,7.0,,,,,,,,,,,,7.5,,,,,,,,,,,
150,147.0,Carcass,Necroticism: Descanting the Insalubrious,1991.0,1.0,8.0,7.56,6.89,,7.0,,7.0,,6.0,,,,8.5,,9.0,,,,6.0,,,,,,7.0,,,,10.0,x,,,,,,,,,,,,,,,,,,
151,149.0,Ulver,Bergtatt - En Eventyr i 5 Kapittler,1994.0,2.0,11.0,7.36,6.89,,8.0,,6.0,,7.0,,,,7.0,,,,6.0,,7.0,,,,7.0,,6.0,,8.0,,,,,,,,,,9.0,x,,,,,10.0,x,,,,
152,150.0,Altar of Plagues,Teethed Glory and Injury,2013.0,1.0,7.0,7.64,6.89,,7.0,,7.0,,8.0,,8.0,,8.5,,,,,,,,,,9.0,x,,,,,,,6.0,,,,,,,,,,,,,,,,,
153,151.0,Cormorant,Dwellings,2011.0,2.0,10.0,7.4,6.89,,6.5,,7.0,,5.0,,8.0,,,,6.5,,10.0,x,,,7.0,,6.0,,,,,,,,8.0,,,,,,,,,,,,,,,,10.0,x
154,152.0,In Flames,The Jester Race,1996.0,1.0,6.0,7.75,6.88,,7.5,,6.0,,9.0,,,,,,,,,,,,7.0,,,,7.0,,,,,,,,,,,,,,10.0,x,,,,,,,,
155,153.0,Sufjan Stevens,Illinois,2005.0,1.0,5.0,7.9,6.88,,7.5,,7.0,,,,,,9.0,,,,,,,,,,,,,,,,9.0,x,,,7.0,,,,,,,,,,,,,,,
156,154.0,Mr. Bungle,California,1999.0,2.0,8.0,7.5,6.87,,7.5,,7.0,,6.0,,7.0,,,,8.5,,,,,,5.0,,,,,,,,9.0,x,,,,,,,,,,,,,,,10.0,x,,
157,155.0,Ennio Morricone,"The Good, The Bad & The Ugly",1966.0,1.0,4.0,8.13,6.87,,7.5,,8.0,,,,7.0,,,,10.0,x,,,,,,,,,,,,,,,,,,,,,,,,,,,,,,,,
158,155.0,Toshinori Kondo and DJ Krush,Ki-Oku,1996.0,1.0,4.0,8.13,6.87,,7.5,,8.0,,,,,,,,,,,,,,,,,,,,,,,,10.0,x,7.0,,,,,,,,,,,,,,,
159,157.0,Radiohead,The Bends,1995.0,1.0,11.0,7.36,6.87,,6.0,,8.0,,8.0,,7.0,,7.5,,4.0,,6.0,,,,9.5,x,8.0,,,,8.0,,,,,,9.0,,,,,,,,,,,,,,,
160,158.0,Drudkh,Кров у наших криницях (Blood in Our Wells),2006.0,1.0,10.0,7.4,6.87,,6.0,,7.0,,,,,,7.0,,9.5,,10.0,x,7.0,,6.5,,7.0,,6.0,,8.0,,,,,,,,,,,,,,,,,,,,,
161,158.0,Dodecahedron,Dodecahedron,2012.0,1.0,10.0,7.4,6.87,,6.0,,6.0,,8.0,,,,8.0,,,,7.0,,7.0,,,,8.0,,,,8.0,,10.0,x,,,,,6.0,,,,,,,,,,,,,
162,160.0,Amon Tobin,Bricolage,1997.0,2.0,6.0,7.67,6.87,,6.5,,10.0,x,,,,,,,,,,,6.5,,,,6.0,,,,,,7.0,,10.0,x,,,,,,,,,,,,,,,,
163,161.0,Pixies,Surfer Rosa,1988.0,1.0,9.0,7.44,6.86,,8.0,,8.0,,5.0,,6.0,,,,10.0,,,,,,,,,,6.0,,7.0,,,,,,7.0,,,,,,,,,,,,,,10.0,x
164,162.0,Sunn 0))),Monoliths & Dimensions,2009.0,1.0,7.0,7.57,6.84,,8.0,,10.0,x,,,,,7.5,,,,,,6.5,,6.5,,,,,,,,,,7.0,,,,,,7.5,,,,,,,,,,,
165,163.0,Shining,V - Halmstad (Niklas angående Niklas),2007.0,1.0,6.0,7.67,6.82,,7.0,,9.0,,10.0,x,,,,,,,,,5.0,,,,,,7.0,,8.0,,,,,,,,,,,,,,,,,,,,,
166,163.0,King Crimson,Red,1974.0,1.0,6.0,7.67,6.82,,8.0,,6.0,,9.0,x,9.0,,,,,,,,7.0,,,,7.0,,,,,,,,,,,,,,,,,,,,,,,,,
167,163.0,Gorguts,Obscura,1998.0,1.0,6.0,7.67,6.82,,7.0,,8.0,,7.0,,7.0,,,,,,,,,,,,7.0,,,,,,,,,,,,,,,,,,,,10.0,x,,,,
168,163.0,Riverside,Anno Domini High Definition,2009.0,1.0,6.0,7.67,6.82,,7.5,,6.0,,7.0,,,,,,,,,,,,9.5,,10.0,x,,,,,6.0,,,,,,,,,,,,,,,,,,,
169,163.0,Strapping Young Lad,Alien,2005.0,1.0,6.0,7.67,6.82,,7.0,,7.0,,8.0,,8.0,,,,,,,,,,,,7.0,,,,,,,,,,,,,,,,,,,,9.0,x,,,,
170,168.0,Comus,First Utterance,1971.0,1.0,5.0,7.8,6.81,,7.0,,7.0,,7.0,,,,,,,,,,8.0,,,,,,,,,,,,,,,,,,10.0,x,,,,,,,,,,
171,168.0,Type O Negative,World Coming Down,1999.0,1.0,5.0,7.8,6.81,,6.0,,7.0,,9.0,x,,,,,,,,,,,,,,,,,,,,,,,9.0,,,,,,8.0,,,,,,,,,
172,168.0,Boards of Canada,Geogaddi,2002.0,1.0,5.0,7.8,6.81,,7.0,,7.0,,,,10.0,x,,,,,,,,,,,,,,,,,,,8.0,,7.0,,,,,,,,,,,,,,,
173,171.0,Isis,Panopticon,2004.0,1.0,8.0,7.44,6.8,,3.5,,7.0,,,,8.0,,10.0,x,9.0,,7.0,,,,7.0,,,,,,,,,,,,8.0,,,,,,,,,,,,,,,
174,172.0,Rishloo,Living as Ghosts with Buildings as Teeth,2014.0,2.0,5.0,7.7,6.8,,7.5,,6.0,,,,,,,,,,10.0,x,,,6.0,,9.0,x,,,,,,,,,,,,,,,,,,,,,,,,
175,172.0,Amorphis,Skyforger,2009.0,2.0,5.0,7.7,6.8,,7.5,,5.0,,,,,,,,,,6.0,,,,,,,,,,,,,,,,,,,,,,10.0,x,,,,,,,10.0,x
176,174.0,Leonard Cohen,You Want It Darker,2016.0,1.0,4.0,8.0,6.8,,7.0,,7.0,,,,8.0,,,,10.0,x,,,,,,,,,,,,,,,,,,,,,,,,,,,,,,,,
177,174.0,Nine Inch Nails,The Downward Spiral,1994.0,1.0,4.0,8.0,6.8,,7.0,,8.0,,,,9.0,x,,,,,,,,,,,,,,,8.0,,,,,,,,,,,,,,,,,,,,,
178,174.0,The Beach Boys,Pet Sounds,1966.0,1.0,4.0,8.0,6.8,,6.0,,7.0,,,,10.0,x,,,,,,,,,,,,,,,9.0,,,,,,,,,,,,,,,,,,,,,
179,177.0,R.E.M.,Murmur,1983.0,1.0,3.0,8.33,6.79,,7.0,,8.0,,,,,,,,,,,,,,,,,,,,,,,,,,,,,,,,,,,,,,,,10.0,x
180,178.0,Pallbearer,Sorrow and Extinction,2012.0,1.0,9.0,7.33,6.77,,5.0,,7.0,,5.0,,8.0,,8.0,,,,7.0,,,,,,,,,,8.0,,,,9.0,,9.0,x,,,,,,,,,,,,,,
181,179.0,Pink Floyd,Animals,1977.0,1.0,8.0,7.38,6.76,,8.0,,6.0,,,,8.0,,8.0,,,,7.0,,,,,,7.0,,,,7.0,,,,,,,,,,,,,,8.0,x,,,,,,
182,179.0,The Dillinger Escape Plan,Irony is a Dead Scene,2002.0,1.0,8.0,7.38,6.76,,7.5,,8.0,,,,7.0,,,,8.5,,6.0,,,,,,,,6.0,,,,,,,,,,7.0,,,,,,,,,,9.0,x,,
183,181.0,The Ocean,Phanerozoic I: Palaeozoic,2018.0,1.0,10.0,7.25,6.75,,5.5,,7.0,,7.0,,,,7.0,,,,7.0,,6.0,,,,8.0,,9.0,x,,,,,8.0,,,,,,,,,,,,8.0,,,,,
184,181.0,Katatonia,The Great Cold Distance,2008.0,1.0,10.0,7.25,6.75,,8.0,,6.0,,7.0,,6.0,,,,,,7.0,,,,7.0,,8.0,,,,8.0,,,,,,,,,,6.0,,9.5,x,,,,,,,,
185,183.0,Blue Öyster Cult,Secret Treaties,1974.0,1.0,7.0,7.43,6.73,,10.0,x,7.0,,8.0,,,,,,9.0,,7.0,,4.0,,,,,,,,,,,,,,,,,,7.0,,,,,,,,,,,
186,183.0,Blaze of Perdition,Conscious Darkness,2017.0,1.0,7.0,7.43,6.73,,5.0,,7.0,,7.0,,,,,,,,10.0,x,7.0,,,,8.0,,,,8.0,,,,,,,,,,,,,,,,,,,,,
187,185.0,Neutral Milk Hotel,In the Aeroplane Over the Sea,1998.0,2.0,8.0,7.31,6.73,,6.5,,7.0,,,,5.0,,7.5,,,,,,,,9.5,x,,,,,,,,,5.0,,8.0,,,,,,,,,,,,,,10.0,x
188,186.0,Opeth,"My Arms, Your Hearse",1998.0,1.0,11.0,7.18,6.73,,7.0,,7.0,,7.0,,7.0,,7.0,,,,8.0,,6.0,,,,5.0,,8.0,,,,,,,,8.0,,,,9.0,x,,,,,,,,,,
189,186.0,Kriegsmaschine,Apocalypticists,2018.0,1.0,11.0,7.18,6.73,,6.0,,6.0,,7.0,,,,8.0,,,,,,,,,,8.0,,6.0,,8.0,,8.0,,,,,,6.0,,,,,,8.0,x,8.0,,,,,
190,186.0,Radiohead,Kid A,2000.0,1.0,11.0,7.18,6.73,,7.0,,8.0,,6.0,,6.0,,7.0,,6.5,,6.0,,,,8.5,,9.0,x,,,7.0,,,,,,8.0,,,,,,,,,,,,,,,
191,186.0,Sulphur Aeon,Gateway to the Antisphere,2015.0,1.0,11.0,7.18,6.73,,6.0,,7.0,,8.0,,8.0,,6.0,,,,,,7.0,,,,6.0,,9.0,x,8.0,,,,,,,,6.0,,8.0,,,,,,,,,,,
192,186.0,Gojira,The Way of All Flesh,2008.0,1.0,11.0,7.18,6.73,,8.0,,6.0,,6.0,,6.0,,7.5,,8.5,,7.0,,,,9.0,,6.0,,6.0,,,,,,,,,,,,,,,,,,,,9.0,x,,
193,191.0,Neil Young with Crazy Horse,Everybody Knows This Is Nowhere,1969.0,1.0,4.0,7.88,6.72,,6.5,,8.0,,,,,,,,,,,,,,,,,,,,,,,,,,7.0,,,,,,,,,,,,,,10.0,x
194,191.0,David Bowie,1. Outside,1995.0,1.0,4.0,7.88,6.72,,7.0,,7.0,,,,,,,,7.5,,,,,,,,,,,,,,10.0,x,,,,,,,,,,,,,,,,,,
195,193.0,Fair to Midland,Arrows & Anchors,2011.0,1.0,9.0,7.27,6.72,,7.0,,7.0,,7.0,,,,9.5,x,6.9,,,,5.0,,9.0,,8.0,,,,,,6.0,,,,,,,,,,,,,,,,,,,
196,194.0,Anathema,A Fine Day to Exit,2001.0,1.0,6.0,7.5,6.71,,6.0,,5.0,,9.0,x,8.0,,,,,,,,,,,,9.0,,8.0,,,,,,,,,,,,,,,,,,,,,,,
197,194.0,Ash Borer,Cold of Ages,2012.0,1.0,6.0,7.5,6.71,,7.0,,10.0,x,6.0,,,,,,,,,,7.0,,,,,,7.0,,,,,,,,8.0,,,,,,,,,,,,,,,
198,196.0,VOLA,Inmazes,2015.0,1.0,11.0,7.14,6.69,,5.0,,7.0,,,,6.0,,8.5,,,,6.0,,,,8.0,,8.0,,,,,,7.0,,7.0,,,,6.0,,,,,,,,,,10.0,x,,
199,197.0,Leprous,Coal,2013.0,2.0,10.0,7.15,6.69,,6.5,,5.0,,8.0,,7.0,,,,5.0,,7.0,,,,8.0,,9.0,x,7.0,,,,9.0,x,,,,,,,,,,,,,,,,,,
200,198.0,Anaal Nathrakh,Vanitas,2012.0,1.0,9.0,7.22,6.69,,6.0,,7.0,,8.0,,8.0,,7.0,,5.0,,,,,,8.0,,,,,,,,6.0,,,,,,10.0,x,,,,,,,,,,,,
201,198.0,Pallbearer,Foundations of Burden,2014.0,1.0,9.0,7.22,6.69,,5.0,,6.0,,6.0,,9.0,,6.0,,,,8.0,,,,,,,,,,7.0,,,,8.0,,10.0,x,,,,,,,,,,,,,,
202,200.0,Wu-Tang Clan,Enter the Wu-Tang (36 Chambers),1993.0,1.0,7.0,7.36,6.68,,8.0,,10.0,x,7.0,,,,,,7.5,,7.0,,5.0,,,,,,,,,,7.0,,,,,,,,,,,,,,,,,,,
203,201.0,Iggy Pop,Lust for Life,1977.0,1.0,5.0,7.6,6.68,,7.0,,8.0,,,,7.0,,,,10.0,x,,,,,,,,,,,,,6.0,,,,,,,,,,,,,,,,,,,
204,202.0,Devin Townsend Project,Ki,2009.0,2.0,13.0,7.03,6.67,,6.0,,4.0,,10.0,x,8.0,,9.5,,6.9,,,,5.0,,6.0,,6.0,,,,,,6.0,,,,,,,,8.0,,,,,,6.0,,10.0,x,,
205,203.0,Anna von Hausswolff,Dead Magic,2018.0,1.0,10.0,7.15,6.67,,6.0,,4.0,,9.0,,,,,,,,,,8.0,,,,8.0,,6.0,,,,6.0,,,,,,8.0,,7.5,,,,9.0,x,,,,,,
206,204.0,The Smashing Pumpkins,Siamese Dream,1993.0,1.0,8.0,7.25,6.66,,7.5,,7.0,,,,6.0,,10.0,x,3.0,,,,,,8.5,,,,,,8.0,,,,,,8.0,,,,,,,,,,,,,,,
207,204.0,Anaal Nathrakh,In the Constellation of the Black Widow,2009.0,1.0,8.0,7.25,6.66,,5.0,,7.0,,7.0,,8.0,,7.0,,,,6.0,,,,,,,,8.0,,,,,,,,,,10.0,x,,,,,,,,,,,,
208,206.0,Gorillaz,Demon Days,2005.0,1.0,4.0,7.75,6.65,,8.0,,6.0,,,,8.0,,,,,,,,,,,,,,,,,,,,,,,,,,,,,,,,9.0,x,,,,
209,206.0,Willie Nelson,Red Headed Stranger,1975.0,1.0,4.0,7.75,6.65,,5.0,,8.0,,,,8.0,,,,,,,,,,,,,,,,,,,,,,10.0,x,,,,,,,,,,,,,,
210,206.0,Judas Priest,Defenders of the Faith,1984.0,1.0,4.0,7.75,6.65,,6.0,,7.0,,,,8.0,,,,,,,,,,,,,,,,,,,,,,10.0,x,,,,,,,,,,,,,,
211,206.0,Wovenhand,Blush Music,2003.0,1.0,4.0,7.75,6.65,,6.0,,7.0,,,,9.0,x,,,,,,,,,,,,,,,,,,,,,9.0,,,,,,,,,,,,,,,
212,206.0,Leonard Cohen,Songs of Love and Hate,1971.0,1.0,4.0,7.75,6.65,,7.0,,6.0,,,,10.0,x,,,,,,,,,,,,,,,,,,,,,8.0,,,,,,,,,,,,,,,
213,211.0,Darkthrone,A Blaze in the Northern Sky,1992.0,1.0,12.0,7.04,6.65,,6.0,,10.0,x,6.0,,,,7.0,,7.5,,8.0,,5.0,,6.0,,7.0,,8.0,,8.0,,6.0,,,,,,,,,,,,,,,,,,,
214,212.0,Tool,Ænima,1996.0,2.0,14.0,6.96,6.64,,8.0,,10.0,x,5.0,,6.0,,6.0,,4.0,,8.0,,5.0,,10.0,x,9.0,,,,7.0,,5.0,,8.0,,,,,,6.5,,,,,,,,,,,
215,213.0,Deftones,White Pony,2000.0,1.0,7.0,7.29,6.63,,7.5,,8.0,,,,7.0,,7.5,,,,6.0,,,,6.0,,9.0,x,,,,,,,,,,,,,,,,,,,,,,,,
216,213.0,Be'lakor,Of Breath and Bone,2012.0,1.0,7.0,7.29,6.63,,6.0,,7.0,,7.0,,,,,,,,8.0,,,,10.0,x,5.0,,,,,,,,8.0,,,,,,,,,,,,,,,,,
217,215.0,The Chemical Brothers,Dig Your Own Hole,1997.0,1.0,5.0,7.5,6.62,,7.5,,8.0,,,,,,,,,,,,,,,,,,,,7.0,,,,,,7.0,,,,,,,,8.0,x,,,,,,
218,215.0,Bob Dylan,The Freewheelin' Bob Dylan,1963.0,1.0,5.0,7.5,6.62,,4.5,,7.0,,,,8.0,,,,,,,,,,,,,,,,,,,,,,8.0,,,,,,,,,,,,,,10.0,x
219,215.0,Clipping.,Splendor & Misery,2016.0,1.0,5.0,7.5,6.62,,7.0,,7.0,,,,,,,,,,,,7.0,,,,,,,,,,,,10.0,x,,,6.5,,,,,,,,,,,,,
220,215.0,Wishbone Ash,Argus,1972.0,1.0,5.0,7.5,6.62,,8.5,,5.0,,,,,,,,,,,,,,7.0,,,,9.0,x,,,,,8.0,,,,,,,,,,,,,,,,,
221,219.0,Darkthrone,The Underground Resistance,2013.0,1.0,3.0,8.0,6.62,,9.0,x,8.0,,7.0,,,,,,,,,,,,,,,,,,,,,,,,,,,,,,,,,,,,,,,
222,219.0,Swans,The Seer,2012.0,1.0,3.0,8.0,6.62,,6.0,,8.0,,,,10.0,x,,,,,,,,,,,,,,,,,,,,,,,,,,,,,,,,,,,,
223,219.0,Bjork,Post,1995.0,1.0,3.0,8.0,6.62,,7.0,,7.0,,,,,,,,,,,,,,,,,,,,,,,,,,10.0,x,,,,,,,,,,,,,,
224,219.0,Herbie Hancock,Thrust,1974.0,1.0,3.0,8.0,6.62,,7.0,,7.0,,,,,,,,,,,,,,,,,,,,10.0,x,,,,,,,,,,,,,,,,,,,,
225,219.0,Manic Street Preachers,The Holy Bible,1994.0,1.0,3.0,8.0,6.62,,7.0,,7.0,,,,,,,,,,,,,,,,,,,,,,,,,,,,,,,,,,,,,,,,10.0,x
226,219.0,Murder by Death,The Other Shore,2018.0,1.0,3.0,8.0,6.62,,7.0,,7.0,,,,,,,,,,,,,,,,,,,,,,,,10.0,x,,,,,,,,,,,,,,,,
227,219.0,Priestess,Prior to the Fire,2009.0,1.0,3.0,8.0,6.62,,7.0,,7.0,,,,,,,,,,,,,,,,,,,,,,,,10.0,x,,,,,,,,,,,,,,,,
228,219.0,Simple Minds,New Gold Dream (81–82–83–84),1982.0,1.0,3.0,8.0,6.62,,8.0,,6.0,,,,,,,,,,,,,,,,,,,,10.0,x,,,,,,,,,,,,,,,,,,,,
229,219.0,Stars,Set Yourself on Fire,2004.0,1.0,3.0,8.0,6.62,,8.0,,6.0,,,,,,,,,,,,,,,,,,,,,,,,10.0,x,,,,,,,,,,,,,,,,
230,228.0,Black Sabbath,Sabotage,1975.0,1.0,9.0,7.11,6.6,,7.0,,7.0,,9.0,x,8.0,,,,7.0,,6.0,,6.0,,,,6.0,,,,,,,,,,8.0,,,,,,,,,,,,,,,
231,228.0,Tropical Fuck Storm,A Laughing Death in Meatspace,2018.0,1.0,9.0,7.11,6.6,,5.0,,4.0,,9.0,,,,,,,,9.0,,,,,,9.0,,5.0,,,,6.0,,,,,,8.0,,,,,,9.0,x,,,,,,
232,228.0,Led Zeppelin,II,1969.0,1.0,9.0,7.11,6.6,,7.0,,7.0,,5.0,,,,,,,,7.0,,,,8.0,,5.0,,,,8.0,,9.0,x,,,8.0,,,,,,,,,,,,,,,
233,231.0,Nick Cave and the Bad Seeds,Tender Prey,1988.0,1.0,6.0,7.33,6.6,,4.0,,7.0,,,,7.0,,,,10.0,x,,,,,,,,,,,,,,,,,8.0,,8.0,,,,,,,,,,,,,
234,231.0,Baroness,Blue Record,2009.0,1.0,6.0,7.33,6.6,,7.0,,6.0,,7.0,,8.0,,,,,,6.0,,,,,,,,,,,,,,10.0,x,,,,,,,,,,,,,,,,
235,233.0,Ne Obliviscaris,Portal of I,2013.0,1.0,10.0,7.05,6.59,,5.5,,7.0,,7.0,,,,8.5,,,,10.0,x,,,7.5,,7.0,,8.0,,,,,,6.0,,,,4.0,,,,,,,,,,,,,
236,234.0,Thy Catafalque,Rengeteg,2011.0,1.0,7.0,7.21,6.58,,9.0,x,5.0,,7.0,,,,,,,,,,7.5,,,,7.0,,,,,,,,,,,,,,7.0,,,,8.0,,,,,,,
237,234.0,Amon Amarth,With Oden on our Side,2006.0,1.0,7.0,7.21,6.58,,5.0,,6.0,,8.0,,,,,,,,6.0,,,,,,,,,,,,,,8.0,,8.0,,,,,,9.5,x,,,,,,,,
238,236.0,Carpenter Brut,EP II,2013.0,1.0,4.0,7.63,6.57,,8.5,,5.0,,10.0,x,,,,,,,,,7.0,,,,,,,,,,,,,,,,,,,,,,,,,,,,,
239,236.0,Sonic Youth,Sister,1987.0,1.0,4.0,7.63,6.57,,6.5,,8.0,,,,6.0,,,,,,,,,,,,,,,,,,,,,,,,,,,,,,,,,,,,10.0,x
240,236.0,Riverside,Second Life Syndrome,2005.0,1.0,4.0,7.63,6.57,,7.5,,6.0,,,,,,,,,,,,,,8.0,,9.0,x,,,,,,,,,,,,,,,,,,,,,,,,
241,239.0,Opeth,Deliverance,2002.0,1.0,9.0,7.06,6.56,,6.0,,6.0,,6.0,,6.0,,,,,,6.0,,,,8.0,,8.0,,,,,,,,,,,,,,8.0,,9.5,x,,,,,,,,
242,240.0,Amorphis,Elegy,1996.0,1.0,5.0,7.4,6.55,,8.0,,6.0,,,,,,,,,,6.0,,8.0,,,,,,,,,,,,,,,,,,9.0,x,,,,,,,,,,
243,240.0,Jim Croce,You Don't Mess Around with Jim,1972.0,1.0,5.0,7.4,6.55,,9.0,,7.0,,,,,,,,6.0,,,,5.0,,,,,,,,10.0,x,,,,,,,,,,,,,,,,,,,,
244,242.0,A Swarm of the Sun,The Rifts,2015.0,1.0,6.0,7.25,6.54,,5.5,,7.0,,7.0,,,,,,,,,,,,,,,,6.0,,8.0,,,,,,,,10.0,x,,,,,,,,,,,,
245,242.0,Abyssal,Antikatastaseis,2015.0,1.0,6.0,7.25,6.54,,6.0,,6.0,,8.0,,,,7.5,,,,,,9.0,x,,,,,,,7.0,,,,,,,,,,,,,,,,,,,,,
246,242.0,iamthemorning,Lighthouse,2016.0,1.0,6.0,7.25,6.54,,7.5,,6.0,,6.0,,,,8.0,,,,,,,,,,9.0,x,,,,,,,7.0,,,,,,,,,,,,,,,,,
247,245.0,Elliot Smith,XO,1998.0,1.0,7.0,7.14,6.53,,5.0,,6.0,,,,8.0,,8.0,,10.0,x,7.0,,,,6.0,,,,,,,,,,,,,,,,,,,,,,,,,,,
248,246.0,Minutemen,Double Nickels on the Dime,1984.0,1.0,3.0,7.83,6.53,,6.5,,7.0,,,,,,,,10.0,x,,,,,,,,,,,,,,,,,,,,,,,,,,,,,,,,
249,246.0,Jason Isbell & the 400 Unit,The Nashville Sound,2017.0,1.0,3.0,7.83,6.53,,7.5,,6.0,,,,,,,,,,,,,,,,,,,,,,,,10.0,x,,,,,,,,,,,,,,,,
250,246.0,Santana,Abraxas,1970.0,1.0,3.0,7.83,6.53,,7.5,,6.0,,,,,,,,,,,,,,,,,,,,10.0,x,,,,,,,,,,,,,,,,,,,,
251,249.0,Panopticon,Roads to the North,2014.0,1.0,8.0,7.06,6.52,,5.0,,6.0,,8.0,,,,8.5,,,,6.0,,,,,,,,9.0,x,7.0,,,,,,7.0,,,,,,,,,,,,,,,
252,250.0,Hayden,Everything I Long For,1996.0,1.0,4.0,7.5,6.5,,6.0,,10.0,x,,,,,,,,,,,7.0,,,,,,,,,,,,,,7.0,,,,,,,,,,,,,,,
253,250.0,DJ Food,Kaleidoscope,2000.0,1.0,4.0,7.5,6.5,,5.0,,6.0,,,,,,,,,,,,,,,,,,,,,,,,9.0,,10.0,x,,,,,,,,,,,,,,
254,250.0,Love,Forever Changes,1967.0,1.0,4.0,7.5,6.5,,7.0,,5.0,,,,10.0,x,,,,,,,,,,,,,,,8.0,,,,,,,,,,,,,,,,,,,,,
255,253.0,Paradise Lost,Draconian Times,1995.0,1.0,6.0,7.17,6.48,,7.0,,7.0,,,,,,,,,,6.0,,6.0,,,,,,,,,,,,,,8.0,,,,9.0,x,,,,,,,,,,
256,253.0,Protest the Hero,Fortress,2008.0,1.0,6.0,7.17,6.48,,5.5,,8.0,,,,,,9.5,x,,,6.0,,,,,,,,,,,,,,7.0,,,,7.0,,,,,,,,,,,,,
257,253.0,David Bowie,Aladdin Sane,1973.0,1.0,6.0,7.17,6.48,,6.0,,7.0,,,,8.0,,,,,,,,,,,,,,,,,,7.0,,,,7.0,,,,,,,,8.0,x,,,,,,
258,256.0,Pyrrhon,What Passes For Survival,2017.0,1.0,14.0,6.79,6.48,,8.0,,9.0,,7.0,,7.0,,,,6.5,,5.0,,,,4.0,,8.0,,6.0,,6.0,,,,5.0,,7.0,,6.5,,,,,,,,,,10.0,x,,
259,257.0,Progenie Terrestre Pura,oltreLuna,2017.0,1.0,8.0,7.0,6.48,,7.0,,6.0,,7.0,,,,6.0,,,,,,8.0,x,,,,,,,8.0,,,,7.0,,,,7.0,,,,,,,,,,,,,
260,258.0,Boss Keloid,Melted on the Inch,2018.0,1.0,10.0,6.9,6.48,,7.0,,6.0,,7.0,,7.0,,7.0,,,,6.0,,,,,,7.0,,7.0,,,,7.0,,,,,,,,,,,,8.0,x,,,,,,
261,259.0,Caligula's Horse,In Contact,2017.0,1.0,9.0,6.94,6.48,,5.5,,5.0,,7.0,,8.0,,,,,,9.0,,6.0,,,,8.0,,,,,,,,,,5.0,,,,9.0,x,,,,,,,,,,
262,260.0,No Means No,Wrong,1989.0,1.0,3.0,7.67,6.44,,6.0,,7.0,,,,,,,,10.0,x,,,,,,,,,,,,,,,,,,,,,,,,,,,,,,,,
263,260.0,The Fall,Bend Sinister,1986.0,1.0,3.0,7.67,6.44,,6.0,,7.0,,,,,,,,10.0,x,,,,,,,,,,,,,,,,,,,,,,,,,,,,,,,,
264,260.0,DJ Krush,Strictly Turntablized,1994.0,1.0,3.0,7.67,6.44,,6.0,,7.0,,,,,,,,,,,,,,,,,,,,,,,,10.0,x,,,,,,,,,,,,,,,,
265,260.0,Silver Jews,American Water,1998.0,1.0,3.0,7.67,6.44,,7.0,,7.0,,,,,,,,,,,,,,,,,,,,,,,,,,9.0,x,,,,,,,,,,,,,,
266,260.0,The Zombies ,Odessey and Oracle,1968.0,1.0,3.0,7.67,6.44,,6.0,,7.0,,,,,,,,,,,,,,,,,,,,10.0,x,,,,,,,,,,,,,,,,,,,,
267,260.0,Ugly Kid Joe,America's Least Wanted,1992.0,1.0,3.0,7.67,6.44,,6.0,,7.0,,,,,,,,,,,,,,,,,,,,,,,,,,,,,,,,,,,,,,,,10.0,x
268,260.0,Elis Regina,Elis & Tom,1974.0,1.0,3.0,7.67,6.44,,7.0,,6.0,,,,,,,,,,,,,,,,,,,,10.0,x,,,,,,,,,,,,,,,,,,,,
269,260.0,Sinéad O'Connor,The Lion and the Cobra,1987.0,1.0,3.0,7.67,6.44,,7.0,,6.0,,,,,,,,,,,,,,,,,,,,10.0,x,,,,,,,,,,,,,,,,,,,,
270,260.0,Tears for Fears,The Hurting,1983.0,1.0,3.0,7.67,6.44,,7.0,,6.0,,,,,,,,,,,,,,,,,,,,10.0,x,,,,,,,,,,,,,,,,,,,,
271,260.0,The Outfield,Play Deep,1985.0,1.0,3.0,7.67,6.44,,7.0,,6.0,,,,,,,,,,,,,,,,,,,,10.0,x,,,,,,,,,,,,,,,,,,,,
272,270.0,Alcest,Écailles de lune,2010.0,1.0,7.0,7.0,6.43,,7.0,,3.0,,8.0,,,,,,,,7.0,,7.0,,,,,,8.0,,,,,,,,,,,,9.0,x,,,,,,,,,,
273,270.0,GridLink,Longhena,2014.0,1.0,7.0,7.0,6.43,,6.0,,6.0,,7.0,,7.0,,,,,,,,,,,,,,6.0,,,,,,7.0,,,,10.0,x,,,,,,,,,,,,
274,272.0,Deftones,Diamond Eyes,2010.0,1.0,6.0,7.08,6.43,,5.0,,7.0,,,,6.0,,9.5,x,,,,,,,,,8.0,,7.0,,,,,,,,,,,,,,,,,,,,,,,
275,273.0,Front 242,Front by Front,1988.0,1.0,4.0,7.38,6.42,,6.5,,7.0,,,,,,,,,,,,,,7.0,,,,,,9.0,x,,,,,,,,,,,,,,,,,,,,
276,273.0,The Cure,"Kiss Me, Kiss Me, Kiss Me",1987.0,1.0,4.0,7.38,6.42,,7.5,,7.0,,,,,,,,,,6.0,,,,,,,,,,9.0,x,,,,,,,,,,,,,,,,,,,,
277,273.0,Fredrik Thordenal's Special Defects,Sol Niger Within,1997.0,1.0,4.0,7.38,6.42,,7.5,,6.0,,7.0,,,,,,,,,,,,,,,,,,,,9.0,x,,,,,,,,,,,,,,,,,,
278,273.0,Funkadelic,Maggot Brain,1971.0,1.0,4.0,7.38,6.42,,6.5,,6.0,,,,7.0,,,,,,,,,,,,,,,,,,,,,,,,,,,,,,,,,,,,10.0,x
279,277.0,Can,Tago Mago,1971.0,1.0,5.0,7.2,6.42,,6.0,,6.0,,,,10.0,x,,,,,,,,,,,,,,,,,,,,,6.0,,,,,,,,8.0,,,,,,,
280,278.0,Insomnium,One for Sorrow,2011.0,1.0,8.0,6.88,6.39,,5.0,,6.0,,7.0,,,,7.5,,,,6.0,,,,7.0,,,,7.0,,,,,,,,,,,,,,9.5,x,,,,,,,,
281,278.0,The Faceless,Planetary Duality,2008.0,1.0,8.0,6.88,6.39,,7.0,,6.0,,7.0,,,,7.0,,,,6.0,,,,,,,,7.0,,,,,,5.0,,,,,,,,,,,,,,10.0,x,,
282,280.0,Diablo Swing Orchestra,Pandora's Pinata,2012.0,1.0,11.0,6.73,6.37,,7.0,,6.0,,9.0,,8.0,,,,5.0,,4.0,,7.0,,,,9.0,x,,,,,5.0,,7.0,,,,7.0,,,,,,,,,,,,,
283,281.0,Carach Angren,Where the Corpses Sink Forever,2012.0,1.0,6.0,7.0,6.37,,7.0,,7.0,,7.0,,,,9.0,x,,,5.0,,,,7.0,,,,,,,,,,,,,,,,,,,,,,,,,,,
284,281.0,Sigh,Hail Horror Hail,1997.0,1.0,6.0,7.0,6.37,,8.0,,7.0,,7.0,,,,,,,,,,,,,,5.0,,7.0,,,,,,,,,,,,,,,,8.0,x,,,,,,
285,281.0,Bad Religion,Against the Grain,1990.0,1.0,6.0,7.0,6.37,,7.0,,7.0,,,,,,,,5.0,,,,,,,,,,,,,,,,,,7.0,,9.0,x,,,,,7.0,,,,,,,
286,284.0,Major Parkinson,Blackbox,2017.0,1.0,10.0,6.75,6.36,,6.0,,6.0,,5.0,,,,,,7.5,,5.0,,6.0,,8.0,,10.0,x,,,,,7.0,,7.0,,,,,,,,,,,,,,,,,
287,285.0,Tom Waits,Blue Valentine,1978.0,1.0,5.0,7.1,6.36,,5.5,,7.0,,,,,,,,10.0,x,,,7.0,,,,,,,,,,,,,,6.0,,,,,,,,,,,,,,,
288,285.0,Scott Walker,Climate of Hunter,1963.0,1.0,5.0,7.1,6.36,,6.5,,7.0,,,,5.0,,8.0,,,,,,,,,,,,,,,,9.0,x,,,,,,,,,,,,,,,,,,
289,285.0,Coheed & Cambria,"Good Apollo, I'm Burning Star IV, Volume 1: From Fear Through the Eyes of Madness",2005.0,1.0,5.0,7.1,6.36,,4.0,,6.0,,,,,,8.5,,,,8.0,,,,,,,,9.0,x,,,,,,,,,,,,,,,,,,,,,,
290,288.0,Slugdge,Dim and Slimeridden Kingdoms,2015.0,1.0,9.0,6.78,6.35,,7.0,,7.0,,6.0,,6.0,,5.0,,,,,,8.0,,,,,,9.0,x,,,,,8.0,,,,5.0,,,,,,,,,,,,,
291,289.0,Neurosis,Times of Grace,1999.0,1.0,4.0,7.25,6.35,,9.0,x,8.0,,,,7.0,,,,,,,,5.0,,,,,,,,,,,,,,,,,,,,,,,,,,,,,
292,289.0,Sigh,Imaginary Sonicscape,2001.0,1.0,4.0,7.25,6.35,,9.0,x,6.0,,,,,,,,,,,,6.0,,,,,,,,,,,,,,,,,,,,,,8.0,,,,,,,
293,289.0,Evoken,Atra Mors,2012.0,1.0,4.0,7.25,6.35,,5.0,,8.0,,,,,,,,,,,,,,,,,,,,7.0,,,,,,9.0,x,,,,,,,,,,,,,,
294,289.0,Kid Koala,Scratchcratchratchatch,1996.0,1.0,4.0,7.25,6.35,,7.0,,7.0,,,,,,,,,,,,,,,,,,5.0,,,,,,10.0,x,,,,,,,,,,,,,,,,
295,289.0,Neko Case,Middle Cyclone,2009.0,1.0,4.0,7.25,6.35,,6.0,,7.0,,,,,,,,,,,,,,,,,,,,,,,,10.0,x,6.0,,,,,,,,,,,,,,,
296,289.0,Nick Cave and the Bad Seeds,Let Love In,1994.0,1.0,4.0,7.25,6.35,,4.0,,7.0,,,,9.0,,,,,,,,,,,,,,,,,,,,,,9.0,x,,,,,,,,,,,,,,
297,289.0,Fugazi,Red Medicine,1995.0,1.0,4.0,7.25,6.35,,6.0,,6.0,,,,8.0,,,,,,,,,,,,,,,,,,,,,,9.0,x,,,,,,,,,,,,,,
298,296.0,Sufjan Stevens,Carrie and Lowell,2015.0,1.0,3.0,7.5,6.35,,5.5,,7.0,,,,,,10.0,x,,,,,,,,,,,,,,,,,,,,,,,,,,,,,,,,,,
299,296.0,Taake,Bjoergvin,2002.0,1.0,3.0,7.5,6.35,,6.0,,7.0,,,,,,9.5,x,,,,,,,,,,,,,,,,,,,,,,,,,,,,,,,,,,
300,296.0,Crow,My Kind of Pain,1993.0,1.0,3.0,7.5,6.35,,5.5,,7.0,,,,,,,,10.0,x,,,,,,,,,,,,,,,,,,,,,,,,,,,,,,,,
301,296.0,Carly Rae Jepsen,Emotion,2015.0,1.0,3.0,7.5,6.35,,6.5,,7.0,,,,,,,,,,,,,,,,,,,,,,,,,,,,,,,,,,,,,,9.0,x,,
302,296.0,This Mortal Coil,Blood,1991.0,1.0,3.0,7.5,6.35,,5.5,,7.0,,,,,,,,,,,,,,,,,,,,10.0,x,,,,,,,,,,,,,,,,,,,,
303,301.0,Disillusion,Back to Times of Splendor,2004.0,1.0,10.0,6.73,6.35,,9.0,,6.0,,7.0,,4.0,,,,7.3,,,,6.0,,7.0,,7.0,,,,,,5.0,,,,,,9.0,x,,,,,,,,,,,,
304,302.0,Mayhem,De Mysteriis Dom Sathanas,1993.0,1.0,11.0,6.68,6.33,,6.0,,10.0,x,5.0,,5.0,,7.0,,6.5,,6.0,,7.0,,,,8.0,,7.0,,6.0,,,,,,,,,,,,,,,,,,,,,
305,303.0,The Ruins of Beverast,Exuvia,2017.0,1.0,10.0,6.7,6.32,,7.0,,7.0,,4.0,,,,8.0,,,,5.0,,6.0,,,,9.0,x,,,6.0,,8.0,,,,,,,,7.0,,,,,,,,,,,
306,303.0,Unleash the Archers,Apex,2017.0,1.0,10.0,6.7,6.32,,6.5,,6.0,,7.0,,7.0,,4.0,,7.5,,6.0,,,,,,6.0,,,,,,,,10.0,x,,,7.0,,,,,,,,,,,,,
307,305.0,Burzum,Filosofem,1996.0,2.0,8.0,6.75,6.31,,5.0,,8.0,,6.0,,,,10.0,x,,,,,,,6.0,,6.0,,5.0,,,,,,,,,,,,,,,,8.0,x,,,,,,
308,306.0,Bad Religion,The Grey Race,1996.0,1.0,5.0,7.0,6.29,,7.0,,7.0,,,,,,,,,,,,,,,,,,,,,,,,,,7.0,,8.0,x,,,,,6.0,,,,,,,
309,306.0,惑星アブノーマル,何でも無い凶器,2013.0,1.0,5.0,7.0,6.29,,7.0,,5.0,,,,,,,,,,,,,,,,,,,,,,,,7.0,,,,9.0,x,,,,,7.0,,,,,,,
310,308.0,Tesseract,Altered State,2013.0,2.0,9.0,6.67,6.28,,4.0,,5.0,,5.0,,6.0,,6.0,,,,10.0,x,,,7.0,,7.0,,,,,,,,,,,,,,,,,,,,,,10.0,x,,
311,309.0,Between the Buried and Me,Colors,2007.0,1.0,7.0,6.79,6.28,,6.5,,6.0,,,,,,7.0,,,,6.0,,,,6.0,,7.0,,9.0,x,,,,,,,,,,,,,,,,,,,,,,
312,310.0,Clutch,Blast Tyrant,2004.0,1.0,4.0,7.13,6.27,,7.5,,7.0,,6.0,,,,,,,,,,,,,,,,,,,,,,,,,,8.0,x,,,,,,,,,,,,
313,310.0,Primordial,To The Nameless Dead,2007.0,1.0,4.0,7.13,6.27,,5.5,,7.0,,,,,,6.0,,,,,,,,,,,,,,,,,,,,,,,,,,,,,,,,,,10.0,x
314,310.0,Björk,Vespertine,2001.0,1.0,4.0,7.13,6.27,,6.5,,6.0,,,,,,,,,,,,,,,,,,,,,,9.0,x,,,7.0,,,,,,,,,,,,,,,
315,310.0,Therapy?,Troublegum,1994.0,1.0,4.0,7.13,6.27,,5.5,,6.0,,,,,,,,,,,,,,7.0,,,,,,,,,,,,,,,,,,,,,,,,,,10.0,x
316,310.0,This Town Needs Guns,Animals,2008.0,1.0,4.0,7.13,6.27,,7.5,,5.0,,,,,,,,,,7.0,,,,,,,,,,,,,,,,,,,,,,,,,,,,9.0,x,,
317,315.0,Sulphur Aeon,The Scythe of Cosmic Chaos,2018.0,1.0,9.0,6.67,6.27,,6.0,,7.0,,6.0,,7.0,,6.0,,,,,,6.0,,,,5.0,,9.0,x,8.0,,,,,,,,,,,,,,,,,,,,,
318,315.0,Unexpect,Fables of the Sleepless Empire,2011.0,1.0,9.0,6.67,6.27,,5.0,,7.0,,8.0,,,,,,6.0,,,,6.0,,,,9.0,x,,,,,4.0,,8.0,,,,7.0,,,,,,,,,,,,,
319,317.0,Feeder,Polythene,1997.0,1.0,3.0,7.33,6.26,,5.0,,7.0,,,,,,,,,,,,,,,,,,,,,,,,,,,,,,,,,,,,,,,,10.0,x
320,317.0,Neil Young and Crazy Horse,Rust Never Sleeps,1979.0,1.0,3.0,7.33,6.26,,6.0,,7.0,,,,,,,,,,,,,,,,,,,,,,,,,,9.0,x,,,,,,,,,,,,,,
321,317.0,The Odious,Joint Ventures,2012.0,1.0,3.0,7.33,6.26,,5.0,,7.0,,,,,,,,,,,,,,,,,,,,,,,,,,,,,,,,,,,,,,10.0,x,,
322,317.0,Serious Beak,Huxwhukw,2011.0,1.0,3.0,7.33,6.26,,7.0,,6.0,,,,,,,,,,,,,,,,,,,,,,,,,,,,,,,,,,,,,,9.0,x,,
323,321.0,Saor,Aura,2014.0,1.0,6.0,6.83,6.25,,5.0,,5.0,,8.0,,7.0,,,,,,,,,,,,,,,,,,,,,,7.0,,,,,,,,,,9.0,x,,,,
324,322.0,Aenaon,Extance,2014.0,1.0,5.0,6.9,6.23,,6.5,,5.0,,7.0,,,,7.0,,,,,,,,,,,,9.0,x,,,,,,,,,,,,,,,,,,,,,,
325,323.0,Integrity,"Howling, for the Nightmare Shall Consume",2017.0,1.0,8.0,6.63,6.2,,5.0,,6.0,,6.0,,,,7.0,,,,6.0,,,,,,,,,,,,,,7.0,,,,7.0,,,,,,9.0,x,,,,,,
326,324.0,Thelonius Monk,Monk's Music,1957.0,1.0,4.0,7.0,6.2,,6.0,,7.0,,,,,,,,,,,,6.0,,,,,,,,,,,,,,,,,,9.0,x,,,,,,,,,,
327,324.0,Sunn 0))),ØØ Void,2000.0,1.0,4.0,7.0,6.2,,6.0,,10.0,x,,,,,,,,,,,5.0,,,,,,,,,,,,7.0,,,,,,,,,,,,,,,,,
328,324.0,Cake,Prolonging the Magic,1998.0,1.0,4.0,7.0,6.2,,5.0,,8.0,,,,,,,,,,,,,,,,,,,,,,,,,,5.0,,,,,,,,,,,,,,10.0,x
329,324.0,Genesis,Selling England by the Pound,1973.0,1.0,4.0,7.0,6.2,,5.0,,7.0,,,,,,,,,,,,,,,,6.0,,,,,,,,,,,,,,,,,,,,,,,,10.0,x
330,324.0,Every Time I Die,New Junk Aesthetic,2009.0,1.0,4.0,7.0,6.2,,5.0,,6.0,,,,,,8.0,,,,,,,,,,,,9.0,x,,,,,,,,,,,,,,,,,,,,,,
331,324.0,Thy Catafalque,Sublunary Tragedies,1999.0,1.0,4.0,7.0,6.2,,8.0,,6.0,,,,,,,,,,,,,,,,,,,,,,,,,,,,8.0,x,,,,,6.0,,,,,,,
332,330.0,Protest the Hero,Volition,2013.0,1.0,7.0,6.64,6.17,,5.5,,7.0,,5.0,,,,7.0,,,,7.0,,,,,,,,,,,,,,,,,,8.0,x,,,,,7.0,,,,,,,
333,330.0,Iron Maiden,A Matter of Life and Death,2006.0,1.0,7.0,6.64,6.17,,6.5,,6.0,,,,5.0,,,,7.0,,7.0,,,,,,,,,,,,,,,,,,8.0,x,7.0,,,,,,,,,,,
334,332.0,Mortification,Scrolls of the Megilloth,1992.0,1.0,3.0,7.17,6.17,,6.5,,10.0,x,,,,,,,,,,,5.0,,,,,,,,,,,,,,,,,,,,,,,,,,,,,
335,333.0,Mutoid Man,War Moans,2017.0,1.0,8.0,6.56,6.15,,5.0,,6.0,,,,7.0,,7.0,,,,7.0,,,,,,,,6.0,,,,,,,,,,6.5,,,,,,8.0,x,,,,,,
336,334.0,Ghost,Opus Eponymous,2010.0,1.0,6.0,6.67,6.14,,9.0,x,4.0,,9.0,,7.0,,,,,,,,,,,,,,4.0,,,,,,7.0,,,,,,,,,,,,,,,,,
337,334.0,Native Construct,Quiet World,2015.0,1.0,6.0,6.67,6.14,,4.0,,7.0,,5.0,,,,,,,,,,,,,,8.0,,,,,,,,6.0,,,,,,,,,,,,,,10.0,x,,
338,336.0,Porcupine Tree,Deadwing,2005.0,1.0,7.0,6.57,6.12,,7.0,,4.0,,,,6.0,,7.5,,,,,,7.0,,9.5,x,5.0,,,,,,,,,,,,,,,,,,,,,,,,,
339,337.0,The Contortionist,Exoplanet,2010.0,1.0,5.0,6.7,6.1,,6.0,,6.0,,,,,,,,,,6.0,,,,6.5,,,,,,,,,,,,,,,,,,,,,,,,9.0,x,,
340,338.0,Heaven 17,Penthouse and Pavement,1981.0,1.0,3.0,7.0,6.08,,6.0,,6.0,,,,,,,,,,,,,,,,,,,,9.0,x,,,,,,,,,,,,,,,,,,,,
341,338.0,Miles Davis,In a Silent Way,1969.0,1.0,3.0,7.0,6.08,,5.0,,6.0,,,,10.0,x,,,,,,,,,,,,,,,,,,,,,,,,,,,,,,,,,,,,
342,338.0,Morphine,The Night,2000.0,1.0,3.0,7.0,6.08,,6.0,,6.0,,,,9.0,x,,,,,,,,,,,,,,,,,,,,,,,,,,,,,,,,,,,,
343,338.0,Talk Talk,Laughing Stock,1991.0,1.0,3.0,7.0,6.08,,5.0,,6.0,,,,10.0,x,,,,,,,,,,,,,,,,,,,,,,,,,,,,,,,,,,,,
344,342.0,Visigoth,The Revenant King,2015.0,1.0,7.0,6.5,6.07,,7.5,,6.0,,7.0,,,,,,6.0,,5.0,,,,,,,,,,,,,,,,,,8.0,x,,,,,6.0,,,,,,,
345,343.0,disEmbowelment,Transcendence into the Peripheral,1993.0,1.0,4.0,6.75,6.05,,6.0,,9.0,,,,,,,,,,,,3.0,,,,,,,,,,,,,,,,,,9.0,x,,,,,,,,,,
346,343.0,Fen,The Malediction Fields,2009.0,1.0,4.0,6.75,6.05,,4.0,,7.0,,6.0,,,,10.0,x,,,,,,,,,,,,,,,,,,,,,,,,,,,,,,,,,,
347,343.0,The Fall,This Nation's Saving Grace,1985.0,1.0,4.0,6.75,6.05,,5.0,,7.0,,,,,,,,10.0,x,,,5.0,,,,,,,,,,,,,,,,,,,,,,,,,,,,,
348,343.0,Gnaw Their Tongues,"Hymns for the Broken, Swollen and Silent",2016.0,1.0,4.0,6.75,6.05,,5.0,,7.0,,,,,,,,,,,,,,,,,,,,,,,,,,,,7.0,,,,,,8.0,x,,,,,,
349,343.0,Hole,Live Through This,1994.0,1.0,4.0,6.75,6.05,,7.0,,10.0,x,,,,,,,3.0,,,,7.0,,,,,,,,,,,,,,,,,,,,,,,,,,,,,
350,343.0,Kate Bush,The Dreaming,1982.0,1.0,4.0,6.75,6.05,,5.0,,10.0,x,,,,,,,,,,,5.0,,,,,,,,7.0,,,,,,,,,,,,,,,,,,,,,
351,343.0,Rachel's,Selenography,1999.0,1.0,4.0,6.75,6.05,,6.0,,10.0,x,,,,,,,,,,,6.0,,,,,,,,,,5.0,,,,,,,,,,,,,,,,,,,
352,343.0,The Devil Wears Prada,Dead Throne,2011.0,1.0,4.0,6.75,6.05,,6.0,,6.0,,,,,,,,,,,,,,,,,,6.0,,,,,,,,,,,,,,,,,,,,9.0,x,,
353,343.0,Ayreon,The Human Equation,2004.0,1.0,4.0,6.75,6.05,,5.0,,5.0,,,,,,,,,,,,,,,,7.0,,,,,,,,,,,,,,,,,,,,,,,,10.0,x
354,343.0,Mahavishnu Orchestra,Birds of Fire,1973.0,1.0,4.0,6.75,6.05,,5.0,,5.0,,,,9.0,x,,,,,,,,,,,,,,,,,,,8.0,,,,,,,,,,,,,,,,,
355,343.0,Kayo Dot,Choirs of the Eye,2003.0,1.0,4.0,6.75,6.05,,7.0,,4.0,,,,10.0,x,,,,,,,,,,,6.0,,,,,,,,,,,,,,,,,,,,,,,,,
356,354.0,Chinese Man,"The Groove Sessions, Volume 1",2007.0,1.0,5.0,6.6,6.04,,10.0,x,6.0,,6.0,,,,,,,,,,4.0,,,,,,,,,,,,7.0,,,,,,,,,,,,,,,,,
357,354.0,Warning,Watching from a Distance,2006.0,1.0,5.0,6.6,6.04,,5.0,,6.0,,,,,,,,,,10.0,x,,,,,4.0,,,,,,,,,,8.0,,,,,,,,,,,,,,,
358,354.0,Street Sects,End Position,2016.0,1.0,5.0,6.6,6.04,,6.0,,3.0,,,,,,,,,,,,,,,,,,,,7.0,,,,,,,,9.0,x,,,,,8.0,,,,,,,
359,357.0,Summoning,With Doom We Come,2018.0,1.0,7.0,6.43,6.02,,5.0,,6.0,,7.0,,,,6.0,,,,,,8.0,x,,,6.0,,,,7.0,,,,,,,,,,,,,,,,,,,,,
360,358.0,Hive ,Devious Methods,1998.0,1.0,3.0,6.83,5.99,,6.5,,10.0,x,,,,,,,,,,,4.0,,,,,,,,,,,,,,,,,,,,,,,,,,,,,
361,359.0,Thy Art is Murder,Hate,2012.0,1.0,4.0,6.63,5.97,,6.5,,7.0,,,,,,,,,,4.0,,,,,,,,,,,,,,,,,,,,,,,,,,,,9.0,x,,
362,360.0,Leprous,Bilateral,2011.0,1.0,9.0,6.28,5.97,,5.5,,4.0,,6.0,,6.0,,6.0,,,,6.0,,,,8.0,,9.0,x,6.0,,,,,,,,,,,,,,,,,,,,,,,
363,361.0,Becoming the Archetype,Dichotomy,2008.0,1.0,6.0,6.42,5.97,,7.5,,6.0,,,,,,,,4.0,,,,6.0,,,,,,,,,,6.0,,,,,,,,,,,,,,,,9.0,x,,
364,362.0,Woods of Ypres,Woods 5: Gray Skies & Electric Light,2012.0,1.0,13.0,6.12,5.92,,8.5,,3.0,,,,,,7.0,,6.6,,6.0,,3.0,,7.0,,6.0,,5.0,,,,2.0,,8.0,,,,7.5,,,,,,,,,,10.0,x,,
365,363.0,Death Grips,Exmilitary,2011.0,1.0,6.0,6.33,5.91,,6.0,,7.0,,4.0,,4.0,,,,,,,,,,,,,,,,,,,,,,,,,,,,,,,,8.0,,9.0,x,,
366,363.0,Jethro Tull,Thick as a Brick,1972.0,1.0,6.0,6.33,5.91,,4.0,,6.0,,,,7.0,,,,4.0,,,,,,8.0,,9.0,x,,,,,,,,,,,,,,,,,,,,,,,,
367,365.0,Dødheimsgard,Supervillain Outcast,2007.0,1.0,5.0,6.4,5.91,,5.0,,7.0,,,,,,7.0,,,,,,,,,,,,5.0,,,,,,,,,,,,,,,,8.0,x,,,,,,
368,365.0,Cloudkicker,The Discovery,2008.0,1.0,5.0,6.4,5.91,,6.0,,4.0,,,,,,6.0,,,,6.0,,,,,,,,,,,,,,,,,,,,,,,,,,,,10.0,x,,
369,367.0,Masako Ezaki,Chopin Etudes,2001.0,1.0,4.0,6.5,5.9,,5.0,,6.0,,,,,,,,,,,,5.0,,,,,,,,,,,,,,,,,,10.0,x,,,,,,,,,,
370,367.0,Elvis Costello & The Attractions,Get Happy!!,1980.0,1.0,4.0,6.5,5.9,,6.0,,6.0,,,,,,,,10.0,x,,,4.0,,,,,,,,,,,,,,,,,,,,,,,,,,,,,
371,367.0,Death Grips,The Money Store,2012.0,1.0,4.0,6.5,5.9,,6.0,,5.0,,,,5.0,,,,,,,,,,,,,,,,,,,,,,,,,,,,,,,,10.0,x,,,,
372,367.0,Esben and the Witch,Wash the Sins Not Only the Face,2013.0,1.0,4.0,6.5,5.9,,6.0,,5.0,,,,,,,,,,,,,,,,,,,,,,,,,,,,8.0,x,,,,,7.0,,,,,,,
373,371.0,Master's Hammer,Fascinator,2018.0,1.0,3.0,6.67,5.9,,6.0,,6.0,,,,,,,,,,,,,,,,,,,,,,,,,,,,,,,,,,8.0,x,,,,,,
374,371.0,Týr,Eric the Red,2003.0,1.0,3.0,6.67,5.9,,6.0,,6.0,,,,,,,,,,,,,,,,,,,,,,,,,,,,,,,,,,8.0,x,,,,,,
375,371.0,Peter Gabriel,Peter Gabriel [Security],1982.0,1.0,3.0,6.67,5.9,,4.0,,6.0,,,,,,,,,,,,,,,,,,,,10.0,x,,,,,,,,,,,,,,,,,,,,
376,374.0,Dream Theater,Images and Words,1992.0,1.0,7.0,6.14,5.82,,4.0,,6.0,,6.0,,,,,,,,6.0,,6.0,,,,6.0,,,,,,,,,,,,,,9.0,x,,,,,,,,,,
377,375.0,Diagrams of Suburban Chaos,Status Negatives,2002.0,1.0,3.0,6.5,5.81,,3.0,,10.0,x,,,,,,,,,,,6.5,,,,,,,,,,,,,,,,,,,,,,,,,,,,,
378,376.0,David Bowie,Heathen,2002.0,1.0,6.0,6.17,5.8,,6.0,,7.0,,,,6.0,,,,,,,,,,,,,,,,,,5.0,,,,5.0,,,,,,,,8.0,x,,,,,,
379,376.0,Voices,From the Human Forest Create a Fugue of Imaginary Rain,2013.0,1.0,6.0,6.17,5.8,,5.0,,6.0,,,,,,7.0,,,,,,,,,,,,6.0,,,,,,,,,,9.0,x,,,,,4.0,,,,,,,
380,378.0,Bonehunter,Children of the Atom,2018.0,1.0,4.0,6.25,5.75,,6.0,,5.0,,6.0,,,,,,,,,,,,,,,,,,,,,,,,,,,,,,,,8.0,x,,,,,,
381,378.0,Son of Aurelius,Under a Western Sun,2014.0,1.0,4.0,6.25,5.75,,4.0,,6.0,,6.0,,,,,,,,,,,,,,,,9.0,x,,,,,,,,,,,,,,,,,,,,,,
382,380.0,Vulture Industries,Stranger Times,2017.0,1.0,6.0,6.08,5.74,,4.5,,6.0,,6.0,,,,5.0,,,,,,,,,,,,,,,,,,,,,,9.0,x,,,,,6.0,,,,,,,
383,381.0,Colin Blunstone,One Year,1971.0,1.0,3.0,6.33,5.72,,5.0,,5.0,,,,,,,,,,,,,,,,,,,,9.0,x,,,,,,,,,,,,,,,,,,,,
384,381.0,Songs: Ohia,Didn’t It Rain,2002.0,1.0,3.0,6.33,5.72,,5.0,,5.0,,,,,,,,,,,,,,,,,,,,,,,,,,9.0,x,,,,,,,,,,,,,,
385,381.0,Built to Spill,Perfect from Now On,1997.0,1.0,3.0,6.33,5.72,,6.0,,4.0,,,,9.0,x,,,,,,,,,,,,,,,,,,,,,,,,,,,,,,,,,,,,
386,381.0,Songs: Ohia,Magnolia Electric Co.,2003.0,1.0,3.0,6.33,5.72,,5.0,,4.0,,,,,,,,,,,,,,,,,,,,,,,,,,10.0,x,,,,,,,,,,,,,,
387,385.0,Persefone,Core,2006.0,1.0,5.0,6.0,5.65,,4.0,,4.0,,6.0,,,,,,,,,,,,6.0,,,,10.0,x,,,,,,,,,,,,,,,,,,,,,,
388,386.0,Breathless,The Glass Bead Game,1986.0,1.0,3.0,6.17,5.63,,4.5,,5.0,,,,,,,,,,,,,,,,,,,,9.0,x,,,,,,,,,,,,,,,,,,,,
389,387.0,The Triffids,Born Sandy Devotional,1986.0,1.0,4.0,6.0,5.6,,4.0,,5.0,,,,,,,,10.0,x,,,5.0,,,,,,,,,,,,,,,,,,,,,,,,,,,,,
390,387.0,Obsidian Kingdom,Mantiis,2012.0,1.0,4.0,6.0,5.6,,5.0,,5.0,,5.0,,,,,,,,,,,,,,,,9.0,x,,,,,,,,,,,,,,,,,,,,,,
391,387.0,Surfing,Deep Fantasy,2012.0,1.0,4.0,6.0,5.6,,6.0,,3.0,,6.0,,,,,,,,,,,,,,,,,,,,,,,,,,,,,,,,,,9.0,x,,,,
392,390.0,Mr. Bungle,Mr. Bungle,1991.0,1.0,10.0,5.7,5.54,,5.0,,7.0,,4.0,,5.0,,,,5.0,,,,4.0,,6.0,,,,,,,,5.0,,,,,,,,6.0,,,,,,,,10.0,x,,
393,391.0,Summoning,Let Mortal Heroes Sing Your Fame,2001.0,1.0,3.0,6.0,5.54,,4.0,,6.0,,,,,,,,,,,,,,,,,,,,,,,,,,,,,,,,,,8.0,x,,,,,,
394,391.0,Höstblod,Mörkrets intåg,2018.0,1.0,3.0,6.0,5.54,,4.0,,5.0,,,,,,,,,,,,,,,,,,,,,,,,,,,,,,,,,,9.0,x,,,,,,
395,393.0,Benji Hughes,Songs in the Key of Animals,2015.0,1.0,5.0,5.8,5.52,,4.0,,6.0,,,,,,,,10.0,x,,,3.0,,,,,,,,,,,,6.0,,,,,,,,,,,,,,,,,
396,394.0,Propaganda,A Secret Wish,1985.0,1.0,3.0,5.83,5.45,,4.5,,4.0,,,,,,,,,,,,,,,,,,,,9.0,x,,,,,,,,,,,,,,,,,,,,
397,395.0,Dvne,Asheran,2017.0,1.0,11.0,5.55,5.43,,5.5,,3.0,,4.0,,5.0,,6.5,,,,6.0,,5.0,,,,4.0,,6.0,,,,,,10.0,x,,,6.0,,,,,,,,,,,,,
398,396.0,Devin Townsend,Infinity,1998.0,1.0,7.0,5.57,5.41,,4.0,,3.0,,6.0,,6.0,,,,,,,,,,,,4.0,,,,,,,,,,,,6.0,,,,,,,,10.0,x,,,,
399,397.0,Periphery,II: This Time It's Personal,2012.0,1.0,5.0,5.6,5.39,,2.0,,7.0,,5.0,,,,,,,,9.0,x,,,,,5.0,,,,,,,,,,,,,,,,,,,,,,,,,
400,397.0,Flower Travellin' Band,Satori,1971.0,1.0,5.0,5.6,5.39,,5.0,,3.0,,,,9.0,x,,,,,,,,,,,5.0,,,,,,,,,,6.0,,,,,,,,,,,,,,,
401,399.0,SPK,Leichenschrei,1982.0,1.0,3.0,5.67,5.36,,3.0,,6.0,,,,,,,,,,,,,,,,,,,,,,,,,,,,,,,,,,8.0,x,,,,,,
402,399.0,Death Grips,The Powers That B pt1: Niggas on the Moon,2014.0,1.0,3.0,5.67,5.36,,4.0,,4.0,,,,,,,,,,,,,,,,,,,,,,,,,,,,,,,,,,,,9.0,x,,,,
403,401.0,Gotye,Making Mirrors,2011.0,1.0,4.0,5.0,5.0,,2.0,,5.0,,,,5.0,,,,,,,,,,,,,,,,,,,,,,,,,,,,,,8.0,x,,,,,,
404,401.0,Everything Everything,Man Alive,2010.0,1.0,3.0,5.0,5.0,,4.0,,3.0,,,,,,,,,,,,,,,,,,,,,,,,,,,,,,,,,,8.0,x,,,,,,
